Tor  Guimaraes,,,,,,,,,,,,,,,,,,,,,,,,,,,,,,
Curtis  Roads,,,,,,,,,,,,,,,,,,,,,,,,,,,,,,
B  Buchanan,,,,,,,,,,,,,,,,,,,,,,,,,,,,,,
S H Myaeng,R R Korfhage,,,,,,,,,,,,,,,,,,,,,,,,,,,,,
D W Loveland,,,,,,,,,,,,,,,,,,,,,,,,,,,,,,
B  Wah,G J Li,,,,,,,,,,,,,,,,,,,,,,,,,,,,,
A  Fenanzo Jr.,,,,,,,,,,,,,,,,,,,,,,,,,,,,,,
T  Kyle,,,,,,,,,,,,,,,,,,,,,,,,,,,,,,
James A Schweitzer,,,,,,,,,,,,,,,,,,,,,,,,,,,,,,
T.  Nojiri,S.  Kawasaki,K.  Sakoda,,,,,,,,,,,,,,,,,,,,,,,,,,,,
David M Harland,Bruno  Beloff,,,,,,,,,,,,,,,,,,,,,,,,,,,,,
John J Sviokla,,,,,,,,,,,,,,,,,,,,,,,,,,,,,,
Ed  Eusebi,James A. Brown,,,,,,,,,,,,,,,,,,,,,,,,,,,,,
Wendy  Rauch-Hindin,,,,,,,,,,,,,,,,,,,,,,,,,,,,,,
Herman P Hoplin,,,,,,,,,,,,,,,,,,,,,,,,,,,,,,
Jacques  Calmet,Denis  Lugiez,,,,,,,,,,,,,,,,,,,,,,,,,,,,,
P O Bobbie,,,,,,,,,,,,,,,,,,,,,,,,,,,,,,
B A Pumplin,,,,,,,,,,,,,,,,,,,,,,,,,,,,,,
B A Pumplin,,,,,,,,,,,,,,,,,,,,,,,,,,,,,,
Masaru  Tomita,,,,,,,,,,,,,,,,,,,,,,,,,,,,,,
A.  Guha,R.  Ramnarayan,M.  Derstine,,,,,,,,,,,,,,,,,,,,,,,,,,,,
Jonathan P. Jacky,Ira J. Kalet,,,,,,,,,,,,,,,,,,,,,,,,,,,,,
John  McCarthy,,,,,,,,,,,,,,,,,,,,,,,,,,,,,,
Y. P. Chiang,M. L. Manwaring,,,,,,,,,,,,,,,,,,,,,,,,,,,,,
S. A. Demurjian,,,,,,,,,,,,,,,,,,,,,,,,,,,,,,
R. L. Steele,,,,,,,,,,,,,,,,,,,,,,,,,,,,,,
Jay  Banerjee,Won  Kim,Hyoung-Joo  Kim,Henry F. Korth,,,,,,,,,,,,,,,,,,,,,,,,,,,
R. K. Belew,,,,,,,,,,,,,,,,,,,,,,,,,,,,,,
Guillermo  Arango,Ira  Baxter,Peter  Freeman,,,,,,,,,,,,,,,,,,,,,,,,,,,,
B. I. Blum,,,,,,,,,,,,,,,,,,,,,,,,,,,,,,
Michel  Tueni,Jianzhong  Li,Pascal  Fares,,,,,,,,,,,,,,,,,,,,,,,,,,,,
Robert  Neches,,,,,,,,,,,,,,,,,,,,,,,,,,,,,,
P.  Collard,A.  Goforth,,,,,,,,,,,,,,,,,,,,,,,,,,,,,
Juan E. Vargas,J. R. Bourne,A. J  Brodersen,Martin  Hofmann,G. C. Collins,,,,,,,,,,,,,,,,,,,,,,,,,,
Harold  Kurstedt,Kwang  Lee,Pedro  Mendes,Steven  Berube,,,,,,,,,,,,,,,,,,,,,,,,,,,
Robert  Inder,,,,,,,,,,,,,,,,,,,,,,,,,,,,,,
Marle  Hewett,David  Tartt,Eugene L. Duke,Robert F. Antoniewicz,Arvind K. Agarwal,,,,,,,,,,,,,,,,,,,,,,,,,,
David J. Weeks,,,,,,,,,,,,,,,,,,,,,,,,,,,,,,
Barbara J. Vivier,Melvin K. Simmons,Sharon A. Masline,,,,,,,,,,,,,,,,,,,,,,,,,,,,
Yutaka  Miyabe,Csabe  Biegl,Kazuhiko  Kawamura,,,,,,,,,,,,,,,,,,,,,,,,,,,,
Rita C. Summers,Stanley A. Kurzban,,,,,,,,,,,,,,,,,,,,,,,,,,,,,
A.  Kaneko,,,,,,,,,,,,,,,,,,,,,,,,,,,,,,
E.  Karjala,,,,,,,,,,,,,,,,,,,,,,,,,,,,,,
J. D. Couger,S. C. McIntyre,,,,,,,,,,,,,,,,,,,,,,,,,,,,,
S.  Sridhar,,,,,,,,,,,,,,,,,,,,,,,,,,,,,,
Claudio  Gutierrez,Juan Carlos Hidalgo,,,,,,,,,,,,,,,,,,,,,,,,,,,,,
R. H. Ledwith,,,,,,,,,,,,,,,,,,,,,,,,,,,,,,
L.  Raschid,T.  Sellis,C. C. Lin,,,,,,,,,,,,,,,,,,,,,,,,,,,,
L.  Gasser,,,,,,,,,,,,,,,,,,,,,,,,,,,,,,
S. M. Humphrey,,,,,,,,,,,,,,,,,,,,,,,,,,,,,,
S.  Humphrey,B.  Krovetz,,,,,,,,,,,,,,,,,,,,,,,,,,,,,
R. W. Bickel,,,,,,,,,,,,,,,,,,,,,,,,,,,,,,
Karen E. Huff,Victor R. Lesser,,,,,,,,,,,,,,,,,,,,,,,,,,,,,
Robert  Wilensky,David N. Chin,Marc  Luria,James  Martin,James  Mayfield,Dekai  Wu,,,,,,,,,,,,,,,,,,,,,,,,,
William J. Mills,,,,,,,,,,,,,,,,,,,,,,,,,,,,,,
Sigrid  Unseld,,,,,,,,,,,,,,,,,,,,,,,,,,,,,,
Jack  Beusmans,Karen  Wieckert,,,,,,,,,,,,,,,,,,,,,,,,,,,,,
A.  Rushinek,S.  Rushinek,,,,,,,,,,,,,,,,,,,,,,,,,,,,,
A. K. Ray,M. S. S. N. Murty,,,,,,,,,,,,,,,,,,,,,,,,,,,,,
M. E. Ulug,,,,,,,,,,,,,,,,,,,,,,,,,,,,,,
Rick  Statman,,,,,,,,,,,,,,,,,,,,,,,,,,,,,,
L.  Gasser,,,,,,,,,,,,,,,,,,,,,,,,,,,,,,
J.  Liebowitz,,,,,,,,,,,,,,,,,,,,,,,,,,,,,,
B. B. Harper,,,,,,,,,,,,,,,,,,,,,,,,,,,,,,
R. E. Susskind,,,,,,,,,,,,,,,,,,,,,,,,,,,,,,
D. M. Sherman,,,,,,,,,,,,,,,,,,,,,,,,,,,,,,
P.  Wahlgren,,,,,,,,,,,,,,,,,,,,,,,,,,,,,,
T. F. Gordon,,,,,,,,,,,,,,,,,,,,,,,,,,,,,,
D.  Burnstein,,,,,,,,,,,,,,,,,,,,,,,,,,,,,,
D. B. Skalak,,,,,,,,,,,,,,,,,,,,,,,,,,,,,,
W.  Li,H.  Switzer,,,,,,,,,,,,,,,,,,,,,,,,,,,,,
R. J. Stokey,,,,,,,,,,,,,,,,,,,,,,,,,,,,,,
N.  Derrett,M.-C.  Shan,,,,,,,,,,,,,,,,,,,,,,,,,,,,,
A. P. Bohm,J. R. Gurd,M. C. Kallstrom,,,,,,,,,,,,,,,,,,,,,,,,,,,,
M.  Evett,,,,,,,,,,,,,,,,,,,,,,,,,,,,,,
R. F. Freund,,,,,,,,,,,,,,,,,,,,,,,,,,,,,,
David F. Carta,,,,,,,,,,,,,,,,,,,,,,,,,,,,,,
J.  Rothenberg,,,,,,,,,,,,,,,,,,,,,,,,,,,,,,
Y.-M.  Huang,J. W. Rozenblit,J.  Hu,,,,,,,,,,,,,,,,,,,,,,,,,,,,
Gerti  Kappel,Jan  Vitek,Oscar m. Nierstrasz,Betty  Junod,Marc  Stadelmann,,,,,,,,,,,,,,,,,,,,,,,,,,
Subramanian  Raman,Narayanan  Alwar,,,,,,,,,,,,,,,,,,,,,,,,,,,,,
Sanjay  Jain,Karon  Barber,David  Osterfeld,,,,,,,,,,,,,,,,,,,,,,,,,,,,
Raju  Ramaswamy,,,,,,,,,,,,,,,,,,,,,,,,,,,,,,
Chris  Mellish,Roger  Evans,,,,,,,,,,,,,,,,,,,,,,,,,,,,,
Catherine E. Houstis,,,,,,,,,,,,,,,,,,,,,,,,,,,,,,
Kevin  Knight,,,,,,,,,,,,,,,,,,,,,,,,,,,,,,
Alfredo  DeSantis,George  Markowsky,Mark N. Wegman,,,,,,,,,,,,,,,,,,,,,,,,,,,,
Vijay A. Saraswat,Martin  Rinard,,,,,,,,,,,,,,,,,,,,,,,,,,,,,
Manuel  Alfonseca,,,,,,,,,,,,,,,,,,,,,,,,,,,,,,
Danald  Soule,,,,,,,,,,,,,,,,,,,,,,,,,,,,,,
Patricia A. Carlson,,,,,,,,,,,,,,,,,,,,,,,,,,,,,,
P. G. Anick,J. D. Brennan,R. A. Flynn,D. R. Hanssen,B.  Alvey,J. M. Robbins,,,,,,,,,,,,,,,,,,,,,,,,,
Irina  Obreja,,,,,,,,,,,,,,,,,,,,,,,,,,,,,,
V. V. Dixit,,,,,,,,,,,,,,,,,,,,,,,,,,,,,,
Daniel L. Larner,,,,,,,,,,,,,,,,,,,,,,,,,,,,,,
Huasheng  Chen,Ke  Chen,,,,,,,,,,,,,,,,,,,,,,,,,,,,,
Roberto  Desimone,Teresa  Hollidge,,,,,,,,,,,,,,,,,,,,,,,,,,,,,
Min  Ke,Moonis  Ali,,,,,,,,,,,,,,,,,,,,,,,,,,,,,
John G. Harper,,,,,,,,,,,,,,,,,,,,,,,,,,,,,,
Shensheng  Zhao,Stewart N. T. Shen,,,,,,,,,,,,,,,,,,,,,,,,,,,,,
Karl-Heinz  Temme,Ingolf  Markhof,,,,,,,,,,,,,,,,,,,,,,,,,,,,,
William A. Smith Jr.,John C. Sutton III,Jong-Shin  Liau,,,,,,,,,,,,,,,,,,,,,,,,,,,,
M.  Cartmell,P.  Fothergill,J.  Forster,,,,,,,,,,,,,,,,,,,,,,,,,,,,
Barbara  Cuthill,Mallory  Selfridge,,,,,,,,,,,,,,,,,,,,,,,,,,,,,
Hiromitsu  Shirakawa,Hitoshi  Ogawa,Masayuki  Fujiwara,,,,,,,,,,,,,,,,,,,,,,,,,,,,
David  Callahan,Ken  Kennedy,Allan  Porterfield,,,,,,,,,,,,,,,,,,,,,,,,,,,,
Melvin L. Prueitt,,,,,,,,,,,,,,,,,,,,,,,,,,,,,,
Jeffrey  Saltzman,,,,,,,,,,,,,,,,,,,,,,,,,,,,,,
Jerry C. Yan,,,,,,,,,,,,,,,,,,,,,,,,,,,,,,
Allen D. Malony,Daniel A. Reed,David C. Rudolph,,,,,,,,,,,,,,,,,,,,,,,,,,,,
Doug  Kimelman,,,,,,,,,,,,,,,,,,,,,,,,,,,,,,
Bill  Appelbe,,,,,,,,,,,,,,,,,,,,,,,,,,,,,,
Laura B. Linden,,,,,,,,,,,,,,,,,,,,,,,,,,,,,,
Seth  Bergmann,,,,,,,,,,,,,,,,,,,,,,,,,,,,,,
Keung-Chi  Ng,Bruce  Abramson,,,,,,,,,,,,,,,,,,,,,,,,,,,,,
Ye  Yiming,Chen  Zhao-Xiong,Zhang  Xiong,Gao  Qinshi,,,,,,,,,,,,,,,,,,,,,,,,,,,
Madeleine  Bates,,,,,,,,,,,,,,,,,,,,,,,,,,,,,,
Rok  Sosic,Jun  Gu,,,,,,,,,,,,,,,,,,,,,,,,,,,,,
Peter J. Denning,,,,,,,,,,,,,,,,,,,,,,,,,,,,,,
Gregory R. Andrews,,,,,,,,,,,,,,,,,,,,,,,,,,,,,,
Noga  Alon,A. K. Dewdney,Teunis J. Ott,,,,,,,,,,,,,,,,,,,,,,,,,,,,
Marcel  Schoppers,,,,,,,,,,,,,,,,,,,,,,,,,,,,,,
Rainer  Unland,,,,,,,,,,,,,,,,,,,,,,,,,,,,,,
David S. Eastwood,,,,,,,,,,,,,,,,,,,,,,,,,,,,,,
Yorick  Wilks,Jaime  Carbonell,David  Farwell,Eduard  Hovy,Sergei  Nirenburg,,,,,,,,,,,,,,,,,,,,,,,,,,
Maxime  Crochemore,Dominique  Perrin,,,,,,,,,,,,,,,,,,,,,,,,,,,,,
Wuxu  Peng,S.  Puroshothaman,,,,,,,,,,,,,,,,,,,,,,,,,,,,,
Robert  McLaughlin,,,,,,,,,,,,,,,,,,,,,,,,,,,,,,
Bo  Bernhardsson,,,,,,,,,,,,,,,,,,,,,,,,,,,,,,
Ashok K. Goel,Kurt P. Eiselt,,,,,,,,,,,,,,,,,,,,,,,,,,,,,
Steven  Minton,,,,,,,,,,,,,,,,,,,,,,,,,,,,,,
Richard S. Sutton,,,,,,,,,,,,,,,,,,,,,,,,,,,,,,
Steven A. Vere,,,,,,,,,,,,,,,,,,,,,,,,,,,,,,
Andreas  Schilling,,,,,,,,,,,,,,,,,,,,,,,,,,,,,,
Jarke J. van Wijk,,,,,,,,,,,,,,,,,,,,,,,,,,,,,,
David Allen Lane,,,,,,,,,,,,,,,,,,,,,,,,,,,,,,
Andrew R. Haas,,,,,,,,,,,,,,,,,,,,,,,,,,,,,,
Mark  Friedell,Mark  LaPolla,Sandeep  Kochhar,Steve  Sistare,Janusz  Juda,,,,,,,,,,,,,,,,,,,,,,,,,,
James R. Miller,Joseph W. Sullivan,Sherman W. Tyler,,,,,,,,,,,,,,,,,,,,,,,,,,,,
Jeannette G. Neal,Stuart C. Shapiro,,,,,,,,,,,,,,,,,,,,,,,,,,,,,
David N. Chin,,,,,,,,,,,,,,,,,,,,,,,,,,,,,,
Philip J. Mercurio,T. T. Elvins,Stephen J. Young,Philip S. Cohen,Kevin R. Fall,Mark H. Ellisman,,,,,,,,,,,,,,,,,,,,,,,,,
Steven  Pemberton,,,,,,,,,,,,,,,,,,,,,,,,,,,,,,
Lorenz  Lercher,Hermann  Kaindl,,,,,,,,,,,,,,,,,,,,,,,,,,,,,
J.  Rokne,Y.  Rao,,,,,,,,,,,,,,,,,,,,,,,,,,,,,
Motamarri  Saradhi,,,,,,,,,,,,,,,,,,,,,,,,,,,,,,
Lawrence A. Rowe,,,,,,,,,,,,,,,,,,,,,,,,,,,,,,
Mariano P. Consens,Isabel F. Cruz,Alberto O. Mendelzon,,,,,,,,,,,,,,,,,,,,,,,,,,,,
Edward A. Ipser Jr.,,,,,,,,,,,,,,,,,,,,,,,,,,,,,,
Judy  Mullins,Vijay  Kumar,,,,,,,,,,,,,,,,,,,,,,,,,,,,,
Hong  Liu,Aaron  Kershenbaum,Richard  Van Slyke,,,,,,,,,,,,,,,,,,,,,,,,,,,,
Eduardo  Ostertag,James  Hendler,Rub,N. Prieto,A. Z.,Christine  Braun,,,,,,,,,,,,,,,,,,,,,,,,,
G. S. Ammar,L.  Reichel,D. C. Sorensen,,,,,,,,,,,,,,,,,,,,,,,,,,,,
Sonia  Bergamaschi,Claudio  Sartori,,,,,,,,,,,,,,,,,,,,,,,,,,,,,
Paul A. Fishwick,Bernard P. Zeigler,,,,,,,,,,,,,,,,,,,,,,,,,,,,,
Mohammed H. A. Tafti,,,,,,,,,,,,,,,,,,,,,,,,,,,,,,
Robert M. Aiken,Dean  Allemang,Thomas  Wehrle,,,,,,,,,,,,,,,,,,,,,,,,,,,,
A. G. Buckley,,,,,,,,,,,,,,,,,,,,,,,,,,,,,,
J.  Beetem,D.  Dietmeyer,Y.  Hu,R.  Jain,C.  Kime,P.  Ramanathan,K.  Saluja,,,,,,,,,,,,,,,,,,,,,,,,
Feng  Yulin,Huang  Tao,Li  Jing,,,,,,,,,,,,,,,,,,,,,,,,,,,,
Stevan  Harnad,,,,,,,,,,,,,,,,,,,,,,,,,,,,,,
Stuart C. Shapiro,,,,,,,,,,,,,,,,,,,,,,,,,,,,,,
Pamela A. Taylor,Dana L. Wyatt,,,,,,,,,,,,,,,,,,,,,,,,,,,,,
Andrew H. Gleibman,,,,,,,,,,,,,,,,,,,,,,,,,,,,,,
Walter  Daelemans,Koenraad  De Smedt,Gerald  Gazdar,,,,,,,,,,,,,,,,,,,,,,,,,,,,
Ramana  Rao,Stuart K. Card,Herbert D. Jellinek,Jock D. Mackinlay,George G. Robertson,,,,,,,,,,,,,,,,,,,,,,,,,,
Manojit  Sarkar,Marc H. Brown,,,,,,,,,,,,,,,,,,,,,,,,,,,,,
Colin  Ware,William  Knight,,,,,,,,,,,,,,,,,,,,,,,,,,,,,
Anne Nicol Thomas,James  Pellegrino,Peter  Rowley,Marlene  Scardamalia,Elliot  Soloway,Jim  Webb,,,,,,,,,,,,,,,,,,,,,,,,,
Arthur  James,James C. Spohrer,,,,,,,,,,,,,,,,,,,,,,,,,,,,,
William C. Hill,James D. Hollan,,,,,,,,,,,,,,,,,,,,,,,,,,,,,
Zhaoxin  Pan,Joseph J. Pfeiffer Jr.,,,,,,,,,,,,,,,,,,,,,,,,,,,,,
Graham  Russell,Afzal  Ballim,John  Carroll,Susan  Warwick-Armstrong,,,,,,,,,,,,,,,,,,,,,,,,,,,
John A. Campbell,,,,,,,,,,,,,,,,,,,,,,,,,,,,,,
Allan  Borodin,Nathan  Linial,Michael E. Saks,,,,,,,,,,,,,,,,,,,,,,,,,,,,
William I. Gasarch,Carl H. Smith,,,,,,,,,,,,,,,,,,,,,,,,,,,,,
Michael  Siegel,Edward  Sciore,Sharon  Salveter,,,,,,,,,,,,,,,,,,,,,,,,,,,,
Nabil  Kamel,Roger  King,,,,,,,,,,,,,,,,,,,,,,,,,,,,,
Allen  Van Gelder,Jane  Wilhelms,,,,,,,,,,,,,,,,,,,,,,,,,,,,,
M.  Arango,L.  Bahler,P.  Bates,M.  Cochinwala,D.  Cohrs,R.  Fish,G.  Gopal,N.  Griffeth,G. E. Herman,T.  Hickey,K. C. Lee,W. E. Leland,C.  Lowery,V.  Mak,J.  Patterson,L.  Ruston,M.  Segal,R. C. Sekar,M. P. Vecchi,A.  Weinrib,S.-Y.  Wuu,,,,,,,,,,
Dennis M. Snow,,,,,,,,,,,,,,,,,,,,,,,,,,,,,,
Hiroshi  Ishikawa,Fumio  Suzuki,Fumihiko  Kozakura,Akifumi  Makinouchi,Mika  Miyagishima,Yoshio  Izumida,Masaaki  Aoshima,Yasuo  Yamane,,,,,,,,,,,,,,,,,,,,,,,
Sanguthevar  Rajasekaran,Keith W. Ross,,,,,,,,,,,,,,,,,,,,,,,,,,,,,
Sukumar  Ghosh,,,,,,,,,,,,,,,,,,,,,,,,,,,,,,
J. B. Haag,D. S. Watkins,,,,,,,,,,,,,,,,,,,,,,,,,,,,,
Tomasz  Imie&#314,inski,B. R. Badrinath,,,,,,,,,,,,,,,,,,,,,,,,,,,,
Andreas  Birrer,Walter  Bischofberger,Erich  Gamma,Bruno Schaffer,Andre Weinand,,,,,,,,,,,,,,,,,,,,,,,,,,
Laura K. Dillon,,,,,,,,,,,,,,,,,,,,,,,,,,,,,,
Henry  Prakken,,,,,,,,,,,,,,,,,,,,,,,,,,,,,,
David  Kurlander,Steven  Feiner,,,,,,,,,,,,,,,,,,,,,,,,,,,,,
Ruth M. Davies,Robert M. O'Keefe,Huw T. O. Davies,,,,,,,,,,,,,,,,,,,,,,,,,,,,
Nand  Kumar,Ranga  Vemuri,,,,,,,,,,,,,,,,,,,,,,,,,,,,,
Mayank  Thakore,Daniel C. St. Clair,,,,,,,,,,,,,,,,,,,,,,,,,,,,,
Ray R. Hashemi,Aslam H. Chowdhury,Nancy L. Stafford,John R. Talburt,,,,,,,,,,,,,,,,,,,,,,,,,,,
Sam R. Thangiah,Kendall E. Nygard,,,,,,,,,,,,,,,,,,,,,,,,,,,,,
M. K. El-Najdawi,Anthony C. Stylianou,,,,,,,,,,,,,,,,,,,,,,,,,,,,,
Stephen T. Kent,,,,,,,,,,,,,,,,,,,,,,,,,,,,,,
Gershon  Elber,Elaine  Cohen,,,,,,,,,,,,,,,,,,,,,,,,,,,,,
Robert M. Harlan,David M. Patrone,,,,,,,,,,,,,,,,,,,,,,,,,,,,,
Tung-Kuang  Wu,Martin L. Brady,,,,,,,,,,,,,,,,,,,,,,,,,,,,,
Klaus-U. H.,,,,,,,,,,,,,,,,,,,,,,,,,,,,,,
Manojit  Sarkar,Scott S. Snibbe,Oren J. Tversky,Steven P. Reiss,,,,,,,,,,,,,,,,,,,,,,,,,,,
Marc H. Brown,Marc A. Najork,,,,,,,,,,,,,,,,,,,,,,,,,,,,,
Yoshinobu  Tonomura,Akihito  Akutsu,Kiyotaka  Otsuji,Toru  Sadakata,,,,,,,,,,,,,,,,,,,,,,,,,,,
Mark  Neerincx,Paul  de Greef,,,,,,,,,,,,,,,,,,,,,,,,,,,,,
Brad A. Myers,Richard  Wolf,Kathy  Potosnak,Chris  Graham,,,,,,,,,,,,,,,,,,,,,,,,,,,
Michel C. Desmarais,Jiming  Liu,,,,,,,,,,,,,,,,,,,,,,,,,,,,,
Oliviero  Stock,,,,,,,,,,,,,,,,,,,,,,,,,,,,,,
William E. Hefley,Dianne  Murray,,,,,,,,,,,,,,,,,,,,,,,,,,,,,
Helen  Chappel,Michael  Wilson,,,,,,,,,,,,,,,,,,,,,,,,,,,,,
Angel R. Puerta,,,,,,,,,,,,,,,,,,,,,,,,,,,,,,
Iain M. Begg,Joe  Gnocato,Wendy E. Moore,,,,,,,,,,,,,,,,,,,,,,,,,,,,
P. A. Hancock,M. H. Chignell,,,,,,,,,,,,,,,,,,,,,,,,,,,,,
Uwe  Malinowski,,,,,,,,,,,,,,,,,,,,,,,,,,,,,,
Stephan  Romahn,Annette  Kaster,,,,,,,,,,,,,,,,,,,,,,,,,,,,,
Alex  Fukunaga,Wolfgang  Pree,Takayuki Dan Kimura,,,,,,,,,,,,,,,,,,,,,,,,,,,,
Arthur M. Keller,Richard  Jensen,Shailesh  Agarwal,,,,,,,,,,,,,,,,,,,,,,,,,,,,
W.  Hasan,M.  Heytens,C.  Kolovson,M.-A.  Neimat,S.  Potamianos,D.  Schneider,,,,,,,,,,,,,,,,,,,,,,,,,
Amnon  Katz,,,,,,,,,,,,,,,,,,,,,,,,,,,,,,
Gary  Fostel,,,,,,,,,,,,,,,,,,,,,,,,,,,,,,
Yu  Cao,James H. Graham,Adel S. Elmaghraby,,,,,,,,,,,,,,,,,,,,,,,,,,,,
G. S. Ammar,L.  Reichel,D. C. Sorensen,,,,,,,,,,,,,,,,,,,,,,,,,,,,
Baudouin  Le Charlier,Pascal  Van Hentenryck,,,,,,,,,,,,,,,,,,,,,,,,,,,,,
Martin S. Olivier,Sebastiaan H. von Solms,,,,,,,,,,,,,,,,,,,,,,,,,,,,,
Jai  Menon,Richard J. Marisa,Jovan  Zagajac,,,,,,,,,,,,,,,,,,,,,,,,,,,,
Michael K. Reiter,Kenneth P. Birman,,,,,,,,,,,,,,,,,,,,,,,,,,,,,
Avrim  Blum,Tao  Jiang,Ming  Li,John  Tromp,Mihalis  Yannakakis,Mihalis  Yannakakis,,,,,,,,,,,,,,,,,,,,,,,,,
Craig C. Douglas,Gordon  Slishman,,,,,,,,,,,,,,,,,,,,,,,,,,,,,
S. D. Kaushik,C.-H.  Huang,R. W. Johnson,P.  Sadayappan,,,,,,,,,,,,,,,,,,,,,,,,,,,
Tatsuya  Shindo,Hidetoshi  Iwashita,Shaun  Kaneshiro,Tsunehisa  Doi,Junichi  Hagiwara,,,,,,,,,,,,,,,,,,,,,,,,,,
Kathie A. Yerion,,,,,,,,,,,,,,,,,,,,,,,,,,,,,,
Ivan  Bratko,Ross  King,,,,,,,,,,,,,,,,,,,,,,,,,,,,,
Henry G. Baker,,,,,,,,,,,,,,,,,,,,,,,,,,,,,,
J.-C.  Chappelier,A.  Grumbach,,,,,,,,,,,,,,,,,,,,,,,,,,,,,
A.  Browne,J.  Pilkington,,,,,,,,,,,,,,,,,,,,,,,,,,,,,
Roger L. Wainwright,,,,,,,,,,,,,,,,,,,,,,,,,,,,,,
Silvana  Castano,Maria Grazia Fugini,Giancarlo  Martella,Pierangela  Samarati,,,,,,,,,,,,,,,,,,,,,,,,,,,
John  Hannan,,,,,,,,,,,,,,,,,,,,,,,,,,,,,,
R. Bruce Irvin,Barton P. Miller,,,,,,,,,,,,,,,,,,,,,,,,,,,,,
Stephen T. C. Wong,,,,,,,,,,,,,,,,,,,,,,,,,,,,,,
J. T. Gorgone,J. D. Couger,G.  Davis,D.  Feinstein,G.  Kasper,J.  Little,H. E. Longenecker,,,,,,,,,,,,,,,,,,,,,,,,
Giorgio  Ingargiola,Nathan  Hoskin,Robert  Aiken,Rajeev  Dubey,Judith  Wilson,Mary-Angela  Papalaskari,Margaret  Christensen,Roger  Webster,,,,,,,,,,,,,,,,,,,,,,,
L.  Tombak,R.  Safavi-Naini,,,,,,,,,,,,,,,,,,,,,,,,,,,,,
P.  Rolin,L.  Toutain,S.  Gombault,,,,,,,,,,,,,,,,,,,,,,,,,,,,
Peter D. Karp,Suzanne M. Paley,Ira  Greenberg,,,,,,,,,,,,,,,,,,,,,,,,,,,,
Yannis  Labrou,Tim  Finin,,,,,,,,,,,,,,,,,,,,,,,,,,,,,
Stuart K. Card,Peter  Pirolli,Jock D. Mackinlay,,,,,,,,,,,,,,,,,,,,,,,,,,,,
Jorge J. Mor,David J. Thuente,,,,,,,,,,,,,,,,,,,,,,,,,,,,,
Marc  Levoy,,,,,,,,,,,,,,,,,,,,,,,,,,,,,,
Filomena  Ferrucci,Genny  Tortora,Maurizio  Tucci,,,,,,,,,,,,,,,,,,,,,,,,,,,,
Kenneth P. Herndon,Tom  Meyer,,,,,,,,,,,,,,,,,,,,,,,,,,,,,
Ralph E. Griswold,Clinton L. Jeffery,,,,,,,,,,,,,,,,,,,,,,,,,,,,,
Brad  Mehlenbacher,Beth  Hardin,Chris  Barrett,Jim  Clagett,,,,,,,,,,,,,,,,,,,,,,,,,,,
R.  Mines,J.  Friesen,C.  Yang,,,,,,,,,,,,,,,,,,,,,,,,,,,,
Peggy  Buffington,Edward L. Vockell,,,,,,,,,,,,,,,,,,,,,,,,,,,,,
Michael  Kearns,Ming  Li,Leslie  Valiant,,,,,,,,,,,,,,,,,,,,,,,,,,,,
Marianne  Winslett,Kenneth  Smith,Xiaolei  Qian,,,,,,,,,,,,,,,,,,,,,,,,,,,,
Clifford W. Mercer,,,,,,,,,,,,,,,,,,,,,,,,,,,,,,
Takafumi  Saito,,,,,,,,,,,,,,,,,,,,,,,,,,,,,,
Philippe  Quinnec,Gerard  Padiou,,,,,,,,,,,,,,,,,,,,,,,,,,,,,
K.  Salisbury,D.  Brock,T.  Massie,N.  Swarup,C.  Zilles,,,,,,,,,,,,,,,,,,,,,,,,,,
Zahava  Scherz,Bruria  Haberman,,,,,,,,,,,,,,,,,,,,,,,,,,,,,
Colin  Ware,William  Knight,,,,,,,,,,,,,,,,,,,,,,,,,,,,,
John N. Tsitsiklis,George D. Stamoulis,,,,,,,,,,,,,,,,,,,,,,,,,,,,,
Deepak  Kumar,Richard  Wyatt,,,,,,,,,,,,,,,,,,,,,,,,,,,,,
Susan L. Epstein,Virginia  Teller,,,,,,,,,,,,,,,,,,,,,,,,,,,,,
Pat  Hayes,Ken  Ford,,,,,,,,,,,,,,,,,,,,,,,,,,,,,
Nils J. Nilsson,,,,,,,,,,,,,,,,,,,,,,,,,,,,,,
Stuart  Russell,Peter  Norvig,,,,,,,,,,,,,,,,,,,,,,,,,,,,,
Marilyn A. Walker,Pamela W. Jordan,,,,,,,,,,,,,,,,,,,,,,,,,,,,,
James H. Martin,Karl  Winklmann,,,,,,,,,,,,,,,,,,,,,,,,,,,,,
Martha E. Pollack,,,,,,,,,,,,,,,,,,,,,,,,,,,,,,
Craig A. Knoblock,Qiang  Yang,,,,,,,,,,,,,,,,,,,,,,,,,,,,,
Andrew Valente,,,,,,,,,,,,,,,,,,,,,,,,,,,,,,
Donald D. Cowan,Carlos J. P. Lucena,,,,,,,,,,,,,,,,,,,,,,,,,,,,,
John  Marcus,,,,,,,,,,,,,,,,,,,,,,,,,,,,,,
Bill  Manaris,Robert  Aiken,Cris  Koutsougeras,Toshinori  Munakata,Marco  Valtorta,,,,,,,,,,,,,,,,,,,,,,,,,,
Cleopas O. Angaye,,,,,,,,,,,,,,,,,,,,,,,,,,,,,,
Renqi  Li,E. A. Unger,,,,,,,,,,,,,,,,,,,,,,,,,,,,,
D. E. Amos,,,,,,,,,,,,,,,,,,,,,,,,,,,,,,
G&#233,za  Schrauf,,,,,,,,,,,,,,,,,,,,,,,,,,,,,
Steven C. Hansen,,,,,,,,,,,,,,,,,,,,,,,,,,,,,,
Merrill E. Warkentin,Christopher K. Carlson,Stephen R. Ruth,,,,,,,,,,,,,,,,,,,,,,,,,,,,
Peter  Friedland,,,,,,,,,,,,,,,,,,,,,,,,,,,,,,
Mei C. Chuah,Steven F. Roth,Joe  Mattis,John  Kolojejchick,,,,,,,,,,,,,,,,,,,,,,,,,,,
Dean F. Jerding,John T. Stasko,,,,,,,,,,,,,,,,,,,,,,,,,,,,,
Ning  Shan,Xiaohua  Hu,,,,,,,,,,,,,,,,,,,,,,,,,,,,,
Simon C. K. Shiu,James N. K. Liu,Daniel S. Yeung,,,,,,,,,,,,,,,,,,,,,,,,,,,,
Leila  Alem,,,,,,,,,,,,,,,,,,,,,,,,,,,,,,
Brian D. Noble,M.  Satyanarayanan,,,,,,,,,,,,,,,,,,,,,,,,,,,,,
Toshinori  Munakata,,,,,,,,,,,,,,,,,,,,,,,,,,,,,,
Tao  Li,,,,,,,,,,,,,,,,,,,,,,,,,,,,,,
Pat  Langley,Herbert A. Simon,,,,,,,,,,,,,,,,,,,,,,,,,,,,,
Rich  Finkelstein,,,,,,,,,,,,,,,,,,,,,,,,,,,,,,
Paul  Harmon,,,,,,,,,,,,,,,,,,,,,,,,,,,,,,
Zdzislaw  Pawlak,Jerzy  Grzymala-Busse,Roman  Slowinski,Wojciech  Ziarko,,,,,,,,,,,,,,,,,,,,,,,,,,,
Pattie  Maes,,,,,,,,,,,,,,,,,,,,,,,,,,,,,,
Marjo  Favorin,,,,,,,,,,,,,,,,,,,,,,,,,,,,,,
Gellof  Kanselaar,Gijsbert  Erkens,,,,,,,,,,,,,,,,,,,,,,,,,,,,,
Stewart N. T. Shen,,,,,,,,,,,,,,,,,,,,,,,,,,,,,,
Stephen G. Eick,Brian S. Johnson,,,,,,,,,,,,,,,,,,,,,,,,,,,,,
Keith  Andrews,Frank  Kappe,Hermann  Maurer,,,,,,,,,,,,,,,,,,,,,,,,,,,,
Paul  Bode,Edmund  Bertschinger,,,,,,,,,,,,,,,,,,,,,,,,,,,,,
Henri  Bal,Victor  Allis,,,,,,,,,,,,,,,,,,,,,,,,,,,,,
Frederick K. Frantz,,,,,,,,,,,,,,,,,,,,,,,,,,,,,,
Paul E. Buis,Wayne R. Dyksen,,,,,,,,,,,,,,,,,,,,,,,,,,,,,
Michel X. Goemans,David P. Williamson,,,,,,,,,,,,,,,,,,,,,,,,,,,,,
Darren R. Hardy,Michael F. Schwartz,,,,,,,,,,,,,,,,,,,,,,,,,,,,,
Mirjana  Spasojevic,M.  Satyanarayanan,,,,,,,,,,,,,,,,,,,,,,,,,,,,,
Susan A. Mengel,,,,,,,,,,,,,,,,,,,,,,,,,,,,,,
Merrill E. Warkentin,,,,,,,,,,,,,,,,,,,,,,,,,,,,,,
Richard J. Hathaway,James C. Bezdek,John W. Davenport,,,,,,,,,,,,,,,,,,,,,,,,,,,,
Mohamed  Naimi,,,,,,,,,,,,,,,,,,,,,,,,,,,,,,
Shiuh-Pyng  Shieh,Wen-Her  Yang,,,,,,,,,,,,,,,,,,,,,,,,,,,,,
Jose M. Piquer, M. Piquer,,,,,,,,,,,,,,,,,,,,,,,,,,,,,
John  Rieman,,,,,,,,,,,,,,,,,,,,,,,,,,,,,,
David R. Karger,Clifford  Stein,,,,,,,,,,,,,,,,,,,,,,,,,,,,,
Colin  Ware,Glenn  Franck,,,,,,,,,,,,,,,,,,,,,,,,,,,,,
Neng-Fa  Zhou,,,,,,,,,,,,,,,,,,,,,,,,,,,,,,
Shin Yi Yen,Sandy  Napel,Geofrey D. Rubin,,,,,,,,,,,,,,,,,,,,,,,,,,,,
Bruce S. Elenborgen,,,,,,,,,,,,,,,,,,,,,,,,,,,,,,
Matthew  Chalmers,Robert  Ingram,Christoph  Pfranger,,,,,,,,,,,,,,,,,,,,,,,,,,,,
Greg  Turk,David  Banks,,,,,,,,,,,,,,,,,,,,,,,,,,,,,
Martin  Kummer,Matthias  Ott,,,,,,,,,,,,,,,,,,,,,,,,,,,,,
Annika Wern,,,,,,,,,,,,,,,,,,,,,,,,,,,,,,
Robert  St. Amant,Paul R. Cohen,,,,,,,,,,,,,,,,,,,,,,,,,,,,,
Nikitas M. Sgouros,George  Papakonstantinou,Panagiotis  Tsanakas,,,,,,,,,,,,,,,,,,,,,,,,,,,,
Stefan  Monch,Rodiger Dillmann,,,,,,,,,,,,,,,,,,,,,,,,,,,,,
Kristina H.,,,,,,,,,,,,,,,,,,,,,,,,,,,,,,
Kazuo  Ohzeki,Takahiro  Saito,Masahide  Kaneko,Hiroshi  Harashima,,,,,,,,,,,,,,,,,,,,,,,,,,,
D. Christopher Dryer,,,,,,,,,,,,,,,,,,,,,,,,,,,,,,
Suresh K. Bhavnani,Bonnie E. John,,,,,,,,,,,,,,,,,,,,,,,,,,,,,
Suguru  Ishizaki,,,,,,,,,,,,,,,,,,,,,,,,,,,,,,
Loren G. Terveen,La Tondra  Murray,,,,,,,,,,,,,,,,,,,,,,,,,,,,,
Lisa  Tweedie,Robert  Spence,Huw  Dawkes,Hus  Su,,,,,,,,,,,,,,,,,,,,,,,,,,,
W. H. Inmon,,,,,,,,,,,,,,,,,,,,,,,,,,,,,,
Andrei M. Finkelstein,Misha  Koshelev,,,,,,,,,,,,,,,,,,,,,,,,,,,,,
Rick  Kazman,,,,,,,,,,,,,,,,,,,,,,,,,,,,,,
Brian Neil Levine,David B. Lavo,J. J. Garcia-Luna-Aceves,,,,,,,,,,,,,,,,,,,,,,,,,,,,
Jian  Zhao,Eckhard  Koch,,,,,,,,,,,,,,,,,,,,,,,,,,,,,
John D. Coleman,Edwin  Klement,Andrei  Savchenko,Ammo  Goettsch,,,,,,,,,,,,,,,,,,,,,,,,,,,
Alvy Ray Smith,,,,,,,,,,,,,,,,,,,,,,,,,,,,,,
Ed Huai-hsin Chi,John  Riedl,Elizabeth  Shoop,John V. Carlis,Ernest  Retzel,Phillip  Barry,,,,,,,,,,,,,,,,,,,,,,,,,
Deborah  Silver,X.  Wang,,,,,,,,,,,,,,,,,,,,,,,,,,,,,
Suresh K. Lodha,Catherine M. Wilson,Robert E. Sheehan,,,,,,,,,,,,,,,,,,,,,,,,,,,,
David S. Ebert,Christopher D. Shaw,Amen  Zwa,Cindy  Starr,,,,,,,,,,,,,,,,,,,,,,,,,,,
Suresh K. Lodha,Alex  Pang,Robert E. Sheehan,Craig M. Wittenbrink,,,,,,,,,,,,,,,,,,,,,,,,,,,
Christopher G. Healey,,,,,,,,,,,,,,,,,,,,,,,,,,,,,,
Karel J. Zuiderveld,Peter M. A. van Ooijen,John W. C. Chin-A-Woeng,Pieter C. Buijs,Marco  Olree,Frits H. Post,,,,,,,,,,,,,,,,,,,,,,,,,
Georgios  Sakas,Michael G. Vicker,Peter J. Plath,,,,,,,,,,,,,,,,,,,,,,,,,,,,
Martin  Roth,Ronald  Peikert,,,,,,,,,,,,,,,,,,,,,,,,,,,,,
Ed  Boring,Alex  Pang,,,,,,,,,,,,,,,,,,,,,,,,,,,,,
S. C. Lu,A. B. Rebello,D. H. Cui,R.  Yagel,R. A. Miller,G. L. Kinzel,,,,,,,,,,,,,,,,,,,,,,,,,
Scott  Nations,Robert  Moorhead,Kelly  Gaither,Steve  Aukstakalnis,Rhonda  Vickery,Warren Carl Couvillion Jr.,Daniel N. Fox,Peter  Flynn,Alan  Wallcraft,Patrick  Hogan,Ole Martin Smedstad,,,,,,,,,,,,,,,,,,,,
M.  Rafanelli,A.  Bezenchek,L.  Tininini,,,,,,,,,,,,,,,,,,,,,,,,,,,,
Daniel A. Keim,,,,,,,,,,,,,,,,,,,,,,,,,,,,,,
Dilvan de Abreu Moreira,Les T. Walczowski,,,,,,,,,,,,,,,,,,,,,,,,,,,,,
Ilyas  Cicekli,,,,,,,,,,,,,,,,,,,,,,,,,,,,,,
James K. Hightower,,,,,,,,,,,,,,,,,,,,,,,,,,,,,,
Sergio  Ruiz-Mier,Joseph  Talavage,David  Ben-Arieh,,,,,,,,,,,,,,,,,,,,,,,,,,,,
Mary Fernandez,Norman  Ramsey,,,,,,,,,,,,,,,,,,,,,,,,,,,,,
Vangelis T. Paschos,,,,,,,,,,,,,,,,,,,,,,,,,,,,,,
Gary  Sullivan,Kenneth  Fordyce,,,,,,,,,,,,,,,,,,,,,,,,,,,,,
Dan M. King,,,,,,,,,,,,,,,,,,,,,,,,,,,,,,
Daniel  Dreilinger,Adele E. Howe,,,,,,,,,,,,,,,,,,,,,,,,,,,,,
Andrew  Sears,,,,,,,,,,,,,,,,,,,,,,,,,,,,,,
Kurt J. Schmucker,,,,,,,,,,,,,,,,,,,,,,,,,,,,,,
Pattie  Maes,Alan  Wexelblat,,,,,,,,,,,,,,,,,,,,,,,,,,,,,
Ati Gropius Johansen,Hal  Shubin,,,,,,,,,,,,,,,,,,,,,,,,,,,,,
Elliot  Soloway,,,,,,,,,,,,,,,,,,,,,,,,,,,,,,
Robin L. Kullberg,,,,,,,,,,,,,,,,,,,,,,,,,,,,,,
Nicole Cesa-Bianchi,Yoav  Freund,David  Haussler,David P. Helmbold,Robert E. Schapire,Manfred K. Warmuth,,,,,,,,,,,,,,,,,,,,,,,,,
Joris  van der Hoeven,,,,,,,,,,,,,,,,,,,,,,,,,,,,,,
James C. Lester,Sharolyn A. Converse,Susan E. Kahler,S. Todd Barlow,Brian A. Stone,Ravinder S. Bhogal,,,,,,,,,,,,,,,,,,,,,,,,,
Lisa  Tweedie,,,,,,,,,,,,,,,,,,,,,,,,,,,,,,
Suzanne  Watzman,,,,,,,,,,,,,,,,,,,,,,,,,,,,,,
T. V. Lakshman,Upamanyu  Madhow,,,,,,,,,,,,,,,,,,,,,,,,,,,,,
Daniel  Poulin,Guy  Huard,Alain  Lavoie,,,,,,,,,,,,,,,,,,,,,,,,,,,,
Gill  Barequet,Stina S. Bridgeman,Christian A. Duncan,Michael T. Goodrich,Roberto  Tamassia,,,,,,,,,,,,,,,,,,,,,,,,,,
Yuichi  Koike,Atsushi  Sugiura,Yoshiyuki  Koseki,,,,,,,,,,,,,,,,,,,,,,,,,,,,
Ed Huai-hsin Chi,Joseph  Konstan,Phillip  Barry,John  Riedl,,,,,,,,,,,,,,,,,,,,,,,,,,,
Alan  Borning,Kim  Marriott,Peter  Stuckey,Yi  Xiao,,,,,,,,,,,,,,,,,,,,,,,,,,,
Angela  Sodan,Guang R. Gao,Olivier  Maquelin,Jens-Uwe  Schultz,Xin-Min  Tian,,,,,,,,,,,,,,,,,,,,,,,,,,
Adam L. Buchsbaum,Raffaele  Giancarlo,,,,,,,,,,,,,,,,,,,,,,,,,,,,,
David  Alberts,Giuseppe  Cattaneo,Giuseppe F. Italiano,,,,,,,,,,,,,,,,,,,,,,,,,,,,
Michael J. Hine,Jean B. Gasen,Michael  Goul,,,,,,,,,,,,,,,,,,,,,,,,,,,,
Carson  Reynolds,,,,,,,,,,,,,,,,,,,,,,,,,,,,,,
Edouard  Bugnion,Scott  Devine,Kinshuk  Govil,Mendel  Rosenblum,,,,,,,,,,,,,,,,,,,,,,,,,,,
Kyosun  Kim,Ramesh  Karri,Miodrag  Potkonjak,Miodrag  Potkonjak,,,,,,,,,,,,,,,,,,,,,,,,,,,
S. C. Yoon,I. Y. Song,E. K. Park,,,,,,,,,,,,,,,,,,,,,,,,,,,,
Keith C. C. Chan,Wai-Ho  Au,,,,,,,,,,,,,,,,,,,,,,,,,,,,,
Hemang  Lavana,Amit  Khetawat,Franc  Brglez,,,,,,,,,,,,,,,,,,,,,,,,,,,,
John  Light,,,,,,,,,,,,,,,,,,,,,,,,,,,,,,
Wolfgang Gruther,Wolfgang  Prinz,Sabine  Kolvenbach,,,,,,,,,,,,,,,,,,,,,,,,,,,,
Pak Chung Wong,R. Daniel Bergeron,,,,,,,,,,,,,,,,,,,,,,,,,,,,,
Michael  Cox,David  Ellsworth,,,,,,,,,,,,,,,,,,,,,,,,,,,,,
Jason  Wood,Helen  Wright,Ken  Brodlie,,,,,,,,,,,,,,,,,,,,,,,,,,,,
Tzi-cker  Chiueh,Chuan-kai  Yang,Taosong  He,Hanspeter  Pfister,Arie  Kaufman,,,,,,,,,,,,,,,,,,,,,,,,,,
Patrick  Hoffman,Georges  Grinstein,Kenneth  Marx,Ivo  Grosse,Eugene  Stanley,,,,,,,,,,,,,,,,,,,,,,,,,,
David C. Banks,John T. Foley,Kiril N. Vidimce,Ming-Hoe  Kiu,,,,,,,,,,,,,,,,,,,,,,,,,,,
James  Ahrens,Patrick  McCormick,James  Bossert,Jon  Reisner,Judith  Winterkamp,,,,,,,,,,,,,,,,,,,,,,,,,,
Maria  Shneerson,Ayellet  Tal,,,,,,,,,,,,,,,,,,,,,,,,,,,,,
Jeremy J. Loomis,Xiuwen  Liu,Zhaohua  Ding,Kikuo  Fujimura,Michael L. Evans,Hideo  Ishikawa,,,,,,,,,,,,,,,,,,,,,,,,,
Mark A. Livingston,,,,,,,,,,,,,,,,,,,,,,,,,,,,,,
Holly  Rushmeier,Harrison  Barrett,Penny  Rheingans,Sam  Uselton,Andrew  Watson,,,,,,,,,,,,,,,,,,,,,,,,,,
David S. Rosenblum,Alexander L. Wolf,,,,,,,,,,,,,,,,,,,,,,,,,,,,,
Kristina H.,,,,,,,,,,,,,,,,,,,,,,,,,,,,,,
David M. Hilbert,Jason E. Robbins,David F. Redmiles,,,,,,,,,,,,,,,,,,,,,,,,,,,,
Christopher K. Riesbeck,Wolff  Dobson,,,,,,,,,,,,,,,,,,,,,,,,,,,,,
Robert  St. Amant,Martin S. Dulberg,,,,,,,,,,,,,,,,,,,,,,,,,,,,,
Mark E. Crovella,Azer  Bestavros,,,,,,,,,,,,,,,,,,,,,,,,,,,,,
Evangelos P. Markatos,,,,,,,,,,,,,,,,,,,,,,,,,,,,,,
Jason  McHugh,Jennifer  Widom,,,,,,,,,,,,,,,,,,,,,,,,,,,,,
Luis A. Fern&#225,ndez,,,,,,,,,,,,,,,,,,,,,,,,,,,,,
Cyrus F. Nourani,,,,,,,,,,,,,,,,,,,,,,,,,,,,,,
Chris  Welty,Lou  Hoebel,,,,,,,,,,,,,,,,,,,,,,,,,,,,,
Adrienne  O'Neill,Mary Ann Coe,,,,,,,,,,,,,,,,,,,,,,,,,,,,,
Ka-Wing  Wong,,,,,,,,,,,,,,,,,,,,,,,,,,,,,,
Deepak  Kumar,Lisa  Meeden,,,,,,,,,,,,,,,,,,,,,,,,,,,,,
Ann  Barron,Karen  Ivers,,,,,,,,,,,,,,,,,,,,,,,,,,,,,
Mitchel  Resnick,Fred  Martin,Robert  Berg,Rick  Borovoy,Vanessa  Colella,Kwin  Kramer,Brian  Silverman,,,,,,,,,,,,,,,,,,,,,,,,
Erik  Strommen,,,,,,,,,,,,,,,,,,,,,,,,,,,,,,
Teresa L. Roberts,,,,,,,,,,,,,,,,,,,,,,,,,,,,,,
Michelle X. Zhou,Steven K. Feiner,,,,,,,,,,,,,,,,,,,,,,,,,,,,,
David  Karger,David  Karger,Rajeev  Motwani,Madhu  Sudan,,,,,,,,,,,,,,,,,,,,,,,,,,,
William  Wright,,,,,,,,,,,,,,,,,,,,,,,,,,,,,,
T.  Coupaye,C. L. Roncancio,C.  Bruley,J.  Larramona,,,,,,,,,,,,,,,,,,,,,,,,,,,
Finnrup Nielsen,Lars Kai Hansen,,,,,,,,,,,,,,,,,,,,,,,,,,,,,
John B. Black,John M. Carroll,Stuart M. McGuigan,,,,,,,,,,,,,,,,,,,,,,,,,,,,
Amy  Aaronson,John M. Carroll,,,,,,,,,,,,,,,,,,,,,,,,,,,,,
Stephen  Casner,Clayton  Lewis,,,,,,,,,,,,,,,,,,,,,,,,,,,,,
Robert  Neches,John Seely Brown,Norm  Sondheimer,Tom  Malone,Mike  Williams,,,,,,,,,,,,,,,,,,,,,,,,,,
Peter J. Denning,,,,,,,,,,,,,,,,,,,,,,,,,,,,,,
Dorothy E. Denning,,,,,,,,,,,,,,,,,,,,,,,,,,,,,,
Peter G. Neumann,,,,,,,,,,,,,,,,,,,,,,,,,,,,,,
Teresa  Lunt,,,,,,,,,,,,,,,,,,,,,,,,,,,,,,
Eugene H. Spafford,,,,,,,,,,,,,,,,,,,,,,,,,,,,,,
William  Cheswick,,,,,,,,,,,,,,,,,,,,,,,,,,,,,,
Steve  Bellovin,,,,,,,,,,,,,,,,,,,,,,,,,,,,,,
E. Eugene Schultz,Thomas A. Longstaff,,,,,,,,,,,,,,,,,,,,,,,,,,,,,
L. Todd Heberlein,Matt  Bishop,,,,,,,,,,,,,,,,,,,,,,,,,,,,,
Peter J. Denning,,,,,,,,,,,,,,,,,,,,,,,,,,,,,,
Ted  Doty,,,,,,,,,,,,,,,,,,,,,,,,,,,,,,
Steven  Levy,,,,,,,,,,,,,,,,,,,,,,,,,,,,,,
Stephen T. Kent,,,,,,,,,,,,,,,,,,,,,,,,,,,,,,
Thomas Y. C. Woo,Simon S. Lam,,,,,,,,,,,,,,,,,,,,,,,,,,,,,
Peter J. Denning,,,,,,,,,,,,,,,,,,,,,,,,,,,,,,
J. D. Tygar,,,,,,,,,,,,,,,,,,,,,,,,,,,,,,
Anish  Bhimani,,,,,,,,,,,,,,,,,,,,,,,,,,,,,,
Peter G. Neumann,,,,,,,,,,,,,,,,,,,,,,,,,,,,,,
Janet  Reno,,,,,,,,,,,,,,,,,,,,,,,,,,,,,,
Dorothy E. Denning,,,,,,,,,,,,,,,,,,,,,,,,,,,,,,
CORPORATE  Office of the Vice Provost for Information Technology,,,,,,,,,,,,,,,,,,,,,,,,,,,,,,
Bruce S. Northcote,Donald E. Smith,,,,,,,,,,,,,,,,,,,,,,,,,,,,,
Jose M. Piquer, A. Blakeley,Michael J. Pizzo,,,,,,,,,,,,,,,,,,,,,,,,,,,,
Shaul  Dar,Gadi  Entin,Shai  Geva,Eran  Palmon,,,,,,,,,,,,,,,,,,,,,,,,,,,
Scott  Hauck,Scott  Hauck,Stephen  Knol,,,,,,,,,,,,,,,,,,,,,,,,,,,,
Patrick  Doyle,Barbara  Hayes-Roth,,,,,,,,,,,,,,,,,,,,,,,,,,,,,
Kay  Neuenhofen,Matthew  Thompson,,,,,,,,,,,,,,,,,,,,,,,,,,,,,
Gabriel  Taubin,Andrew Guziec,William  Horn,Francis  Lazarus,,,,,,,,,,,,,,,,,,,,,,,,,,,
Srikanth  Bandi,Daniel  Thalmann,,,,,,,,,,,,,,,,,,,,,,,,,,,,,
Patricia  Boverie,Liza  Nagel,Melissa  McGee,Susan  Garcia,,,,,,,,,,,,,,,,,,,,,,,,,,,
Shouhuai  Xu,Gendu  Zhang,Hong  Zhu,,,,,,,,,,,,,,,,,,,,,,,,,,,,
Jerry  Van Aken,Mark  Novak,,,,,,,,,,,,,,,,,,,,,,,,,,,,,
Ken  Abernethy,Paula  Gabbert,Kevin  Treu,,,,,,,,,,,,,,,,,,,,,,,,,,,,
Marie-Michelle  Boulet,Faouzi Ben Jebara,Serge  Boudreault,,,,,,,,,,,,,,,,,,,,,,,,,,,,
R. Gregory Taylor,,,,,,,,,,,,,,,,,,,,,,,,,,,,,,
Robert  Ward,Martin  Smith,,,,,,,,,,,,,,,,,,,,,,,,,,,,,
L. R. Neal,A. D. Irons,,,,,,,,,,,,,,,,,,,,,,,,,,,,,
Peter A. Cooper,,,,,,,,,,,,,,,,,,,,,,,,,,,,,,
Alejandro  Ferne,ndez,Gustavo  Rossi,,,,,,,,,,,,,,,,,,,,,,,,,,,,
John  Rosbottom,Claude  Moulin,,,,,,,,,,,,,,,,,,,,,,,,,,,,,
Oded  Goldreich,Shari  Goldwasser,Dana  Ron,,,,,,,,,,,,,,,,,,,,,,,,,,,,
Hong-Tai  Chou,Won  Kim,,,,,,,,,,,,,,,,,,,,,,,,,,,,,
Denise J. Eklund,Fred  Tonge,,,,,,,,,,,,,,,,,,,,,,,,,,,,,
Kelly  Braun,Tony  Lovell,Jim  Miller,Brad  Weed,,,,,,,,,,,,,,,,,,,,,,,,,,,
Diana  Laurillard,Jenny  Preece,Ben  Shneiderman,Lisa  Neal,Yvonne  W.,,,,,,,,,,,,,,,,,,,,,,,,,,
Nahum  Gershon,Jacob  Nielsen,Mary  Czerwinski,Nick  Ragouzis,David  Siegel,Wayne  Neale,,,,,,,,,,,,,,,,,,,,,,,,,
Nahum  Gershon,Stuart  Card,Stephen G. Eick,,,,,,,,,,,,,,,,,,,,,,,,,,,,
Suzanne  Watzman,,,,,,,,,,,,,,,,,,,,,,,,,,,,,,
Ali  Hussam,Brian  Ford,Jack  Hyde,Ali  Merayyan,Bill  Plummer,Terry  Anderson,,,,,,,,,,,,,,,,,,,,,,,,,
Rachel  Bellamy,Eileen  Genevro,Stephanie  Houde,Lori  Leahy,Gary  Young,,,,,,,,,,,,,,,,,,,,,,,,,,
Markus  Stolze,Patrick  Steiger,Michael  Good,,,,,,,,,,,,,,,,,,,,,,,,,,,,
Brian J. Foley,,,,,,,,,,,,,,,,,,,,,,,,,,,,,,
Jens  Kohlmorgen,Klaus-Robert M.,ller,,,,,,,,,,,,,,,,,,,,,,,,,,,,
C. L. Bajaj,V.  Pascucci,D. R. Schikore,,,,,,,,,,,,,,,,,,,,,,,,,,,,
Chris  Henze,,,,,,,,,,,,,,,,,,,,,,,,,,,,,,
Christopher G. Healey,James T. Enns,,,,,,,,,,,,,,,,,,,,,,,,,,,,,
David H. Laidlaw,Eric T. Ahrens,David  Kremers,Matthew J. Avalos,Russell E. Jacobs,Carol  Readhead,,,,,,,,,,,,,,,,,,,,,,,,,
Xiaoyang  Mao,Yuji  Hatanaka,Hidenori  Higashida,Atsumi  Imamiya,,,,,,,,,,,,,,,,,,,,,,,,,,,
Daniel A. Keim,Annemarie  Herrmann,,,,,,,,,,,,,,,,,,,,,,,,,,,,,
Nancy E. Miller,Pak  Chung Wong,Mary  Brewster,Harlan  Foote,,,,,,,,,,,,,,,,,,,,,,,,,,,
Kay A. Robbins,David M. Senseman,,,,,,,,,,,,,,,,,,,,,,,,,,,,,
Anton  Fuhrmann,Eduard  Greller,,,,,,,,,,,,,,,,,,,,,,,,,,,,,
Wim  de Leeuw,Robert  van Liere,,,,,,,,,,,,,,,,,,,,,,,,,,,,,
Leslie  Keely,Sam  Uselton,,,,,,,,,,,,,,,,,,,,,,,,,,,,,
Ari  Sadarjoen,Frits H. Post,Bing  Ma,David C. Banks,Hans-Georg  Pagendarm,,,,,,,,,,,,,,,,,,,,,,,,,,
J. E. van der Heyden,M. S. T. Carpendale,K.  Inkpen,M. S. Atkins,,,,,,,,,,,,,,,,,,,,,,,,,,,
F. M. Vos,H. J. W. Spoelder,,,,,,,,,,,,,,,,,,,,,,,,,,,,,
Sami  Khoury,Adrian  Freed,David  Wessel,,,,,,,,,,,,,,,,,,,,,,,,,,,,
Nelson  Max,,,,,,,,,,,,,,,,,,,,,,,,,,,,,,
Jim  Durbin,J. Edward Swan II,Brad  Colbert,John  Crowe,Rob  King,Tony  King,Christopher  Scannell,Zachary  Wartell,Terry  Welsh,,,,,,,,,,,,,,,,,,,,,,
Paul  Chapman,Peter  Stevens,Derek  Wills,Graham  Brookes,,,,,,,,,,,,,,,,,,,,,,,,,,,
Elisha  Sacks,Leo  Joskowicz,,,,,,,,,,,,,,,,,,,,,,,,,,,,,
Marco  Lanzagorta,Milo V. Kral,J. Edward Swan II,George  Spanos,Rob  Rosenberg,Eddy  Kuo,,,,,,,,,,,,,,,,,,,,,,,,,
Clifford A. Shaffer,Duane L. Knill,Layne T. Watson,,,,,,,,,,,,,,,,,,,,,,,,,,,,
David H. Laidlaw,David  Kremers,Felica  Frankel,Victoria  Interrante,Thomas  Banchoff,,,,,,,,,,,,,,,,,,,,,,,,,,
David D. Clark,Wenjia  Fang,,,,,,,,,,,,,,,,,,,,,,,,,,,,,
Kevin J. Sullivan,Steve  Geist,Paul  Shaw,,,,,,,,,,,,,,,,,,,,,,,,,,,,
Sitt Sen Chok,Kim  Marriott,,,,,,,,,,,,,,,,,,,,,,,,,,,,,
Ellen  Spertus,Lynn Andrea Stein,,,,,,,,,,,,,,,,,,,,,,,,,,,,,
Susan  Dumais,John  Platt,David  Heckerman,Mehran  Sahami,,,,,,,,,,,,,,,,,,,,,,,,,,,
Caroline  St. Clair,Chengwen  Liu,Niki  Pissinou,,,,,,,,,,,,,,,,,,,,,,,,,,,,
Anurag  Kumar,,,,,,,,,,,,,,,,,,,,,,,,,,,,,,
Iain M. Brown,,,,,,,,,,,,,,,,,,,,,,,,,,,,,,
Eun-Jeong  Son,In-Soo  Kang,Tae-Wan  Kim,Ki-Joune  Li,,,,,,,,,,,,,,,,,,,,,,,,,,,
Dale O. Stahl,Andrew B. Whinston,Keqiang  Zhang,,,,,,,,,,,,,,,,,,,,,,,,,,,,
Ori  Regev,Noam  Nisan,,,,,,,,,,,,,,,,,,,,,,,,,,,,,
Qiping  Zhang,Catherine G. Wolf,Shahrokh  Daijavad,Maroun  Touma,,,,,,,,,,,,,,,,,,,,,,,,,,,
Nader H. Bshouty,Sally A. Goldman,H. David Mathias,Subhash  Suri,Hisao  Tamaki,,,,,,,,,,,,,,,,,,,,,,,,,,
Jill M. Boyce,Robert D. Gaglianello,,,,,,,,,,,,,,,,,,,,,,,,,,,,,
Wu-chi  Feng,Brijesh  Krishnaswami,Arivind  Prabhudev,,,,,,,,,,,,,,,,,,,,,,,,,,,,
Mark  Maybury,,,,,,,,,,,,,,,,,,,,,,,,,,,,,,
Kristina H.,,,,,,,,,,,,,,,,,,,,,,,,,,,,,,
Luke S. Zettlemoyer,Robert  St. Amant,Martin S. Dulberg,,,,,,,,,,,,,,,,,,,,,,,,,,,,
Neil W. Van Dyke,Henry  Lieberman,Pattie  Maes,,,,,,,,,,,,,,,,,,,,,,,,,,,,
Jude  Shavlik,Lawrence  Birnbaum,William  Swartout,Eric  Horvitz,Barbara  Hayes-Roth,,,,,,,,,,,,,,,,,,,,,,,,,,
Henry  Lieberman,Jeffrey M. Bradshaw,Yolanda  Gil,Ted  Selker,,,,,,,,,,,,,,,,,,,,,,,,,,,
William H. Bares,James C. Lester,,,,,,,,,,,,,,,,,,,,,,,,,,,,,
Christopher  Johnson,Larry  Birnbaum,Ray  Bareiss,Tom  Hinrichs,,,,,,,,,,,,,,,,,,,,,,,,,,,
Doug  Bryan,Anatole  Gershman,,,,,,,,,,,,,,,,,,,,,,,,,,,,,
Ted  Long,,,,,,,,,,,,,,,,,,,,,,,,,,,,,,
Oukseh  Lee,Kwangkeun  Yi,,,,,,,,,,,,,,,,,,,,,,,,,,,,,
Phillip M. Yelland,,,,,,,,,,,,,,,,,,,,,,,,,,,,,,
Michael  Kearns,,,,,,,,,,,,,,,,,,,,,,,,,,,,,,
Craig  Labovitz,G. Robert Malan,Farnam  Jahanian,,,,,,,,,,,,,,,,,,,,,,,,,,,,
Vijay  Kumar,Richard  Furuta,,,,,,,,,,,,,,,,,,,,,,,,,,,,,
Mathias  Weske,Thomas  Goesmann,Roland  Holten,R&#252,diger  Striemer,,,,,,,,,,,,,,,,,,,,,,,,,,
Israel  Hilerio,Weidong  Chen,,,,,,,,,,,,,,,,,,,,,,,,,,,,,
Stefan  Berchtold,Alexandros  Biliris,Euthimios  Panagos,,,,,,,,,,,,,,,,,,,,,,,,,,,,
Jakob  Magun,,,,,,,,,,,,,,,,,,,,,,,,,,,,,,
Daniele  Frigioni,Mario  Ioffreda,Umberto  Nanni,Giulio  Pasqualone,,,,,,,,,,,,,,,,,,,,,,,,,,,
Chang-Hyun  Jo,Jea Gi Son,Younwoo  Kang,Phill Soo Lim,,,,,,,,,,,,,,,,,,,,,,,,,,,
John JingFu Jenq,,,,,,,,,,,,,,,,,,,,,,,,,,,,,,
D. Scott Crane,Roger L. Wainwright,Dale A. Schoenefeld,,,,,,,,,,,,,,,,,,,,,,,,,,,,
Rui  Tavares,Antonio Teofilo,Paulo  Silva,Agostinho C. Rosa,,,,,,,,,,,,,,,,,,,,,,,,,,,
Carlos  Fernandes,Joto Paulo Caldeira,,Fernando  Melicio,Agostinho  Rosa,,,,,,,,,,,,,,,,,,,,,,,,,,
W. M. Row,D. J. Morton,B. L. Adams,A. H. Wright,,,,,,,,,,,,,,,,,,,,,,,,,,,
Deepak  Kumar,,,,,,,,,,,,,,,,,,,,,,,,,,,,,,
Syed S. Ali,,,,,,,,,,,,,,,,,,,,,,,,,,,,,,
Susan W. McRoy,Syed S. Ali,Angelo  Restifficar,Songsak  Channarukul,,,,,,,,,,,,,,,,,,,,,,,,,,,
Peter  Selfridge,Thomas  Kirk,,,,,,,,,,,,,,,,,,,,,,,,,,,,,
Amruth  Kumar,,,,,,,,,,,,,,,,,,,,,,,,,,,,,,
Karen  Sutherland,,,,,,,,,,,,,,,,,,,,,,,,,,,,,,
Lou  Hoebel,Chris  Welty,,,,,,,,,,,,,,,,,,,,,,,,,,,,,
Lisa  Meeden,,,,,,,,,,,,,,,,,,,,,,,,,,,,,,
Wolfgang  Strauss,Monika  Fleischmann,Mette  Thomsen,Jasminko  Novak,Udo  Zlender,Thomas  Kulessa,Frank  Pragasky,,,,,,,,,,,,,,,,,,,,,,,,
Anany  Levitin,,,,,,,,,,,,,,,,,,,,,,,,,,,,,,
Richard  Rasala,,,,,,,,,,,,,,,,,,,,,,,,,,,,,,
Anja  Feldmann,Jennifer  Rexford,Ram&#243,n  C&#225,ceres,,,,,,,,,,,,,,,,,,,,,,,,,,
Jack  Tumblin,Jessica K. Hodgins,Brian K. Guenter,,,,,,,,,,,,,,,,,,,,,,,,,,,,
Marcus J. Huber,,,,,,,,,,,,,,,,,,,,,,,,,,,,,,
Erin  Shaw,W. Lewis Johnson,Rajaram  Ganeshan,,,,,,,,,,,,,,,,,,,,,,,,,,,,
Michael J. Pazzani,Daniel  Billsus,,,,,,,,,,,,,,,,,,,,,,,,,,,,,
David R. Barstow,,,,,,,,,,,,,,,,,,,,,,,,,,,,,,
F.  Maurer,G.  Succi,H.  Holz,B.  K&#246,tting,S.  Goldmann,B.  Dellen,,,,,,,,,,,,,,,,,,,,,,,,
Frank  Maurer,,,,,,,,,,,,,,,,,,,,,,,,,,,,,,
Alex  Kotov,,,,,,,,,,,,,,,,,,,,,,,,,,,,,,
Marilyn C. Salzman,Chris  Dede,R. Bowen Loftin,,,,,,,,,,,,,,,,,,,,,,,,,,,,
Jean-Daniel  Fekete,Catherine  Plaisant,,,,,,,,,,,,,,,,,,,,,,,,,,,,,
J.  Cassell,T.  Bickmore,M.  Billinghurst,L.  Campbell,K.  Chang,H.  Vilhj&#225,lmsson,H.  Yan,,,,,,,,,,,,,,,,,,,,,,,
Stuart  Cheshire,Mary  Baker,,,,,,,,,,,,,,,,,,,,,,,,,,,,,
Dejan  Miloji&#269,i&#263,,Frederick  Douglis,Richard  Wheeler,,,,,,,,,,,,,,,,,,,,,,,,,,
Mihael  Ankerst,Markus M. Breunig,Hans-Peter  Kriegel,J&#246,rg  Sander,,,,,,,,,,,,,,,,,,,,,,,,,,
Alin  Deutsch,Mary  Fernandez,Dan  Suciu,,,,,,,,,,,,,,,,,,,,,,,,,,,,
Mary Ellen Zurko,Richard T. Simon,,,,,,,,,,,,,,,,,,,,,,,,,,,,,
David M. Gay,Eric  Grosse,,,,,,,,,,,,,,,,,,,,,,,,,,,,,
John  Davy,Tony  Jenkins,,,,,,,,,,,,,,,,,,,,,,,,,,,,,
Judy  Sheard,Dianne  Hagan,,,,,,,,,,,,,,,,,,,,,,,,,,,,,
Chiung-Hui  Chiu,Chun-Chieh  Huang,Wen-Tsung  Chang,Tsung-Ho  Liang,,,,,,,,,,,,,,,,,,,,,,,,,,,
Ernest  Ackermann,,,,,,,,,,,,,,,,,,,,,,,,,,,,,,
Josep  Domingo-Ferrer,Jordi  Herrera-Joancomart&#237,,,,,,,,,,,,,,,,,,,,,,,,,,,,,
Atsuyoshi  Nakamura,,,,,,,,,,,,,,,,,,,,,,,,,,,,,,
Ljubomir  Jerinic,Vladan  Devedzic,,,,,,,,,,,,,,,,,,,,,,,,,,,,,
Deepak  Kumar,,,,,,,,,,,,,,,,,,,,,,,,,,,,,,
Syed S. Ali,,,,,,,,,,,,,,,,,,,,,,,,,,,,,,
Wullianallur  Raghupathi,Sridhar P. Nerur,,,,,,,,,,,,,,,,,,,,,,,,,,,,,
Christopher A. Welty,David A. Ferrucci,,,,,,,,,,,,,,,,,,,,,,,,,,,,,
Angel  Puerta,,,,,,,,,,,,,,,,,,,,,,,,,,,,,,
Lou  Hoebel,Chris  Welty,,,,,,,,,,,,,,,,,,,,,,,,,,,,,
Joseph  Kuan,Paul  Lewis,,,,,,,,,,,,,,,,,,,,,,,,,,,,,
J.  McDermott,,,,,,,,,,,,,,,,,,,,,,,,,,,,,,
LiWu  Chang,Ira S. Moskowitz,,,,,,,,,,,,,,,,,,,,,,,,,,,,,
Danai  Patiyoot,S. J. Shepherd,,,,,,,,,,,,,,,,,,,,,,,,,,,,,
Danai  Patiyoot,S. J. Shepherd,,,,,,,,,,,,,,,,,,,,,,,,,,,,,
Robin  Kravets,Ken  Calvert,Karsten  Schwan,,,,,,,,,,,,,,,,,,,,,,,,,,,,
Michael M. Stark,Elaine  Cohen,Tom  Lyche,Richard F. Riesenfeld,,,,,,,,,,,,,,,,,,,,,,,,,,,
Rakesh  Agrawal,,,,,,,,,,,,,,,,,,,,,,,,,,,,,,
Ronen  Feldman,,,,,,,,,,,,,,,,,,,,,,,,,,,,,,
Marcel  Holsheimer,,,,,,,,,,,,,,,,,,,,,,,,,,,,,,
D. R. Mani,James  Drew,Andrew  Betz,Piew  Datta,,,,,,,,,,,,,,,,,,,,,,,,,,,
Dimitris  Meretakis,Beat  W&uuml,thrich,,,,,,,,,,,,,,,,,,,,,,,,,,,,
Stephen D. Bay,Michael J. Pazzani,,,,,,,,,,,,,,,,,,,,,,,,,,,,,
Jason Tsong-Li Wang,Xiong  Wang,King-Ip  Lin,Dennis  Shasha,Bruce A. Shapiro,Kaizhong  Zhang,,,,,,,,,,,,,,,,,,,,,,,,,
Wray  Buntine,Bernd  Fischer,Thomas  Pressburger,,,,,,,,,,,,,,,,,,,,,,,,,,,,
Jen Que Louie,Tom  Kraay,,,,,,,,,,,,,,,,,,,,,,,,,,,,,
E.  Hotz,G.  Nakhaeizadeh,B.  Petzsche,H.  Spiegelberger,,,,,,,,,,,,,,,,,,,,,,,,,,,
Cheong Yiu Fung,Kai Fock Loe,,,,,,,,,,,,,,,,,,,,,,,,,,,,,
Caroline M. Eastman,,,,,,,,,,,,,,,,,,,,,,,,,,,,,,
Tod A. Sedbrook,,,,,,,,,,,,,,,,,,,,,,,,,,,,,,
Paul  Gray,Hugh J. Watson,,,,,,,,,,,,,,,,,,,,,,,,,,,,,
Ellen  Spertus,Lynn Andrea Stein,,,,,,,,,,,,,,,,,,,,,,,,,,,,,
Shawn R. Wolfe,Stephen D. Wragg,James R. Chen,,,,,,,,,,,,,,,,,,,,,,,,,,,,
G.  Colombo,L.  Lenzini,E.  Mingozzi,B.  Cornaglia,R.  Santaniello,,,,,,,,,,,,,,,,,,,,,,,,,,
John H. Reif,Stephen R. Tate,,,,,,,,,,,,,,,,,,,,,,,,,,,,,
Ee-Peng  Lim,Ying  Lu,,,,,,,,,,,,,,,,,,,,,,,,,,,,,
Andrew V. Goldberg,Kostas  Tsioutsiouliklis,,,,,,,,,,,,,,,,,,,,,,,,,,,,,
Dennis  Fowler,,,,,,,,,,,,,,,,,,,,,,,,,,,,,,
R.  Ford,R.  Thompson,D.  Thompson,,,,,,,,,,,,,,,,,,,,,,,,,,,,
Jing-Fu  Fu Jeng,Wing Ning Li,,,,,,,,,,,,,,,,,,,,,,,,,,,,,
Qingshan  Luo,John B. Drake,,,,,,,,,,,,,,,,,,,,,,,,,,,,,
Robert J. Grim,J. Richard Rinewalt,L. Donnell Payne,,,,,,,,,,,,,,,,,,,,,,,,,,,,
Robert E. Smith,B. A. Dike,S. A. Stegmann,,,,,,,,,,,,,,,,,,,,,,,,,,,,
Hossein  Saiedian,Ka-Wing  Wong,,,,,,,,,,,,,,,,,,,,,,,,,,,,,
Vijayarangan  Gopalan,Abdollah  Homaifar,M. Reza Salami,R. W. Dabney,Bijan  Sayyarrodsari,,,,,,,,,,,,,,,,,,,,,,,,,,
Mikkel  Thorup,,,,,,,,,,,,,,,,,,,,,,,,,,,,,,
Keith  Kong,Dipak  Ghosal,,,,,,,,,,,,,,,,,,,,,,,,,,,,,
Chris A. Mack,Dale A. Legband,Sven  Jug,,,,,,,,,,,,,,,,,,,,,,,,,,,,
Vijay  Sethi,,,,,,,,,,,,,,,,,,,,,,,,,,,,,,
Tang-Chun  Li,,,,,,,,,,,,,,,,,,,,,,,,,,,,,,
Sue  Thomas,,,,,,,,,,,,,,,,,,,,,,,,,,,,,,
Jonathan  Bedworth,James  Norwood,,,,,,,,,,,,,,,,,,,,,,,,,,,,,
Karen E. Huff,,,,,,,,,,,,,,,,,,,,,,,,,,,,,,
Arcadia  Consortium,,,,,,,,,,,,,,,,,,,,,,,,,,,,,,
David  Gelernter,Sunil  Podar,Hussein G. Badr,,,,,,,,,,,,,,,,,,,,,,,,,,,,
C.  Delorme,P.  Roux,L.  Demians d'Archimbaud,N.  Giambiasi,R.  L'Bath,B.  MacGee,R.  Charroppin,,,,,,,,,,,,,,,,,,,,,,,,
Edward J. DeJesus,James P. Callan,Curtis R. Whitehead,,,,,,,,,,,,,,,,,,,,,,,,,,,,
Yun-Wu  Huang,Philip S. Yu,,,,,,,,,,,,,,,,,,,,,,,,,,,,,
R. Greer Lavery,,,,,,,,,,,,,,,,,,,,,,,,,,,,,,
Peter G. Neumann,,,,,,,,,,,,,,,,,,,,,,,,,,,,,,
John W. Stanley Jr.,W. Scott Speights,,,,,,,,,,,,,,,,,,,,,,,,,,,,,
Dimitri P. Bertsekas,John N. Tsitsiklis,,,,,,,,,,,,,,,,,,,,,,,,,,,,,
Syed S. Ali,,,,,,,,,,,,,,,,,,,,,,,,,,,,,,
Deepak  Kumar,,,,,,,,,,,,,,,,,,,,,,,,,,,,,,
Vladan  Devedzic,,,,,,,,,,,,,,,,,,,,,,,,,,,,,,
Tim  Menzies,,,,,,,,,,,,,,,,,,,,,,,,,,,,,,
Stuart  Lowry,,,,,,,,,,,,,,,,,,,,,,,,,,,,,,
Lisa  Meeden,,,,,,,,,,,,,,,,,,,,,,,,,,,,,,
Amruth  Kumar,,,,,,,,,,,,,,,,,,,,,,,,,,,,,,
S.  Jablonski,H.  Wedekind,,,,,,,,,,,,,,,,,,,,,,,,,,,,,
Seif  Haridi,Peter  Van Roy,Per  Brand,Michael  Mehl,Ralf  Scheidhauer,Gert  Smolka,,,,,,,,,,,,,,,,,,,,,,,,,
Patrick J. Moran,Chris  Henze,,,,,,,,,,,,,,,,,,,,,,,,,,,,,
Alexandru  Telea,Jarke J. van Wijk,,,,,,,,,,,,,,,,,,,,,,,,,,,,,
Kwan-Liu  Ma,,,,,,,,,,,,,,,,,,,,,,,,,,,,,,
Christopher D. Shaw,James A. Hall,David S. Ebert,D. Aaron Roberts,,,,,,,,,,,,,,,,,,,,,,,,,,,
Tom M. Mitchell,,,,,,,,,,,,,,,,,,,,,,,,,,,,,,
Gerik  Scheuermann,Holger  Burbach,Hans  Hagen,,,,,,,,,,,,,,,,,,,,,,,,,,,,
Georges-Pierre  Bonneau,,,,,,,,,,,,,,,,,,,,,,,,,,,,,,
Wim  de Leeuw,Robert  van Liere,,,,,,,,,,,,,,,,,,,,,,,,,,,,,
Han-Wei  Shen,Ling-Jen  Chiang,Kwan-Liu  Ma,,,,,,,,,,,,,,,,,,,,,,,,,,,,
Patricia  Crossno,Edward  Angel,,,,,,,,,,,,,,,,,,,,,,,,,,,,,
A.  Goel,C.  Baker,C. A. Shaffer,B.  Grossman,R. T. Haftka,W. H. Mason,L. T. Watson,,,,,,,,,,,,,,,,,,,,,,,,
Chaomei  Chen,Leslie  Carr,,,,,,,,,,,,,,,,,,,,,,,,,,,,,
Carl J. Manaster,Elizabeth  Nanthakumar,Phillip A. Morin,,,,,,,,,,,,,,,,,,,,,,,,,,,,
Matthias  Hopf,Thomas  Ertl,,,,,,,,,,,,,,,,,,,,,,,,,,,,,
Jayesh  Govindarajan,Matthew  Ward,Jonathan  Barnett,,,,,,,,,,,,,,,,,,,,,,,,,,,,
Theresa-Marie  Rhyne,David H. Laidlaw,Tamara  Munzner,Victoria  Interrante,,,,,,,,,,,,,,,,,,,,,,,,,,,
Roland  H&#252,bscher,,,,,,,,,,,,,,,,,,,,,,,,,,,,,
Wu-Chang  Feng,Dilip D. Kandlur,,,,,,,,,,,,,,,,,,,,,,,,,,,,,
Jan  Schl&#246,rer,,,,,,,,,,,,,,,,,,,,,,,,,,,,,
F.  Hattori,K.  Kushima,T.  Wasano,,,,,,,,,,,,,,,,,,,,,,,,,,,,
Alan J. Perlis,,,,,,,,,,,,,,,,,,,,,,,,,,,,,,
Gerald Jay Sussman,,,,,,,,,,,,,,,,,,,,,,,,,,,,,,
Chung-Hong  Lee,Hsin-Chang  Yang,,,,,,,,,,,,,,,,,,,,,,,,,,,,,
Wiebren  de Jonge,,,,,,,,,,,,,,,,,,,,,,,,,,,,,,
Jean M. Buijs,Michael S. Lew,,,,,,,,,,,,,,,,,,,,,,,,,,,,,
Cheong Yiu Fung,Kai Fock Loe,,,,,,,,,,,,,,,,,,,,,,,,,,,,,
David A. Turner,Keith W. Ross,,,,,,,,,,,,,,,,,,,,,,,,,,,,,
Carsten  Griwodz,Michael  Zink,Michael  Liepert,Ralf  Steinmetz,,,,,,,,,,,,,,,,,,,,,,,,,,,
Dorothy E. Denning,Peter J. Denning,,,,,,,,,,,,,,,,,,,,,,,,,,,,,
M. D. Schwartz,D. E. Denning,P. J. Denning,,,,,,,,,,,,,,,,,,,,,,,,,,,,
Dorothy E. Denning,Jan  Schl&#246,rer,,,,,,,,,,,,,,,,,,,,,,,,,,,,
Monika R. Henzinger,Valerie  King,,,,,,,,,,,,,,,,,,,,,,,,,,,,,
Glen G. Langdon Jr.,,,,,,,,,,,,,,,,,,,,,,,,,,,,,,
Adrian  Bullock,Steve  Benford,,,,,,,,,,,,,,,,,,,,,,,,,,,,,
Thorsten  Hampel,Reinhard  Keil-Slawik,Bastian Ginger Claassen,Frank  Plohmann,Christian  Reimann,,,,,,,,,,,,,,,,,,,,,,,,,,
John F. Koegel,Rhonda M. Koegel,Zhiming  Li,Dattaram T. Miruke,,,,,,,,,,,,,,,,,,,,,,,,,,,
Howard L. Johnson,John F. Koegel,Rhonda M. Koegel,,,,,,,,,,,,,,,,,,,,,,,,,,,,
Paul W. Howerton,,,,,,,,,,,,,,,,,,,,,,,,,,,,,,
Jan  Schl&#246,er,,,,,,,,,,,,,,,,,,,,,,,,,,,,,
Ramin  Yasdi,,,,,,,,,,,,,,,,,,,,,,,,,,,,,,
Roger  Ferguson,William W. McMillan,,,,,,,,,,,,,,,,,,,,,,,,,,,,,
Rebecca  Xiong,Judith  Donath,,,,,,,,,,,,,,,,,,,,,,,,,,,,,
K. F. Wong,G. G. Coghill,J. M. Hannah,,,,,,,,,,,,,,,,,,,,,,,,,,,,
K. F. Wong,G. G. Coghill,J. M. Hannah,,,,,,,,,,,,,,,,,,,,,,,,,,,,
Richard D. Amori,,,,,,,,,,,,,,,,,,,,,,,,,,,,,,
Daniel E. O'Leary,Peter  Selfridge,,,,,,,,,,,,,,,,,,,,,,,,,,,,,
Lisa  Meeden,,,,,,,,,,,,,,,,,,,,,,,,,,,,,,
Amruth  Kumar,,,,,,,,,,,,,,,,,,,,,,,,,,,,,,
Deepak  Kumar,,,,,,,,,,,,,,,,,,,,,,,,,,,,,,
Amruth  Kumar,,,,,,,,,,,,,,,,,,,,,,,,,,,,,,
Jerry D. Smith,,,,,,,,,,,,,,,,,,,,,,,,,,,,,,
Frank D. Anger,Rita V. Rodriguez,Douglas D. Dankel II,,,,,,,,,,,,,,,,,,,,,,,,,,,,
M. B. Ayati,,,,,,,,,,,,,,,,,,,,,,,,,,,,,,
D. V. Pigford,G. R. Baur,,,,,,,,,,,,,,,,,,,,,,,,,,,,,
Dwi H. Widyantoro,Thomas R. Ioerger,John  Yen,,,,,,,,,,,,,,,,,,,,,,,,,,,,
M.  Ranganathan,Laurent  Andrey,Virginie  Schaal,Jean-Philippe  Favreau,,,,,,,,,,,,,,,,,,,,,,,,,,,
Xiaodong  Jiang,Yunlai  Wang,Feiye  Zhang,,,,,,,,,,,,,,,,,,,,,,,,,,,,
C.  Russo Dos Santos,P.  Gros,P.  Abel,D.  Loisel,J.-P.  Paris,,,,,,,,,,,,,,,,,,,,,,,,,,
Marius J. A. Duker,Arno R. Lodder,,,,,,,,,,,,,,,,,,,,,,,,,,,,,
Anja  Oskamp,Maaike W. Tragter,Arno R. Lodder,,,,,,,,,,,,,,,,,,,,,,,,,,,,
T&#226,nia C. D'Agostini Bueno,Christiane Gresse von Wangenheim,Eduardo  da Silva Mattos,Hugo Cesar Hoeschl,Ricardo M. Barcia,,,,,,,,,,,,,,,,,,,,,,,,,
Rosina  Weber,,,,,,,,,,,,,,,,,,,,,,,,,,,,,,
James  Osborn,Leon  Sterling,,,,,,,,,,,,,,,,,,,,,,,,,,,,,
Jon C. R. Bennett,Craig  Partridge,Nicholas  Shectman,,,,,,,,,,,,,,,,,,,,,,,,,,,,
Nicole Cesa-Bianchi,Eli  Dichterman,Paul  Fischer,Eli  Shamir,Hans Ulrich Simon,,,,,,,,,,,,,,,,,,,,,,,,,,
Wolfgang  M&#252,ller,Marc  Alexa,,,,,,,,,,,,,,,,,,,,,,,,,,,,
Masanori  Sugimoto,Norio  Katayama,,,,,,,,,,,,,,,,,,,,,,,,,,,,,
Robert  Dalrymple,,,,,,,,,,,,,,,,,,,,,,,,,,,,,,
Charles W. Grant,,,,,,,,,,,,,,,,,,,,,,,,,,,,,,
Ron  Bardarson,,,,,,,,,,,,,,,,,,,,,,,,,,,,,,
Daniel  Billsus,Michael J. Pazzani,James  Chen,,,,,,,,,,,,,,,,,,,,,,,,,,,,
Jay  Budzik,Kristian J. Hammond,,,,,,,,,,,,,,,,,,,,,,,,,,,,,
Mark  Derthick,Steven F. Roth,,,,,,,,,,,,,,,,,,,,,,,,,,,,,
Ernest  Edmonds,,,,,,,,,,,,,,,,,,,,,,,,,,,,,,
Joshua  Flachsbart,David  Franklin,Kristian  Hammond,,,,,,,,,,,,,,,,,,,,,,,,,,,,
David  Franklin,Shannon  Bradshaw,Kristian  Hammond,,,,,,,,,,,,,,,,,,,,,,,,,,,,
Xiaobin  Fu,Jay  Budzik,Kristian J. Hammond,,,,,,,,,,,,,,,,,,,,,,,,,,,,
Paolo  Gaudiano,Klaus  Kater,,,,,,,,,,,,,,,,,,,,,,,,,,,,,
Hao-Wei  Hsieh,Frank M. Shipman III,,,,,,,,,,,,,,,,,,,,,,,,,,,,,
Dale  Reed,,,,,,,,,,,,,,,,,,,,,,,,,,,,,,
Robert L. Young,Elaine  Kant,Larry A. Akers,,,,,,,,,,,,,,,,,,,,,,,,,,,,
Phil  Hughes,,,,,,,,,,,,,,,,,,,,,,,,,,,,,,
Ian  Searle,,,,,,,,,,,,,,,,,,,,,,,,,,,,,,
Mircea Gh. Negoita,,,,,,,,,,,,,,,,,,,,,,,,,,,,,,
Sandip  Sen,,,,,,,,,,,,,,,,,,,,,,,,,,,,,,
Terry  Warwick,Edward  Tsang,,,,,,,,,,,,,,,,,,,,,,,,,,,,,
Arthur L. Corcoran,John  Hale,,,,,,,,,,,,,,,,,,,,,,,,,,,,,
Barry  Flachsbart,W. E. Bond,Daniel C. St. Clair,Jeff  Holland,,,,,,,,,,,,,,,,,,,,,,,,,,,
Jianhua  Chen,,,,,,,,,,,,,,,,,,,,,,,,,,,,,,
Laurence D. Merkle,Gary B. Lamont,,,,,,,,,,,,,,,,,,,,,,,,,,,,,
David A. Foster,,,,,,,,,,,,,,,,,,,,,,,,,,,,,,
Scott  Raney,,,,,,,,,,,,,,,,,,,,,,,,,,,,,,
David  Mosberger,,,,,,,,,,,,,,,,,,,,,,,,,,,,,,
Paul  Ashley,ley  Broom,,,,,,,,,,,,,,,,,,,,,,,,,,,,,
Kai-Hsiung  Chang,W. Homer Carlisle,James H. Cross II,David B. Brown,,,,,,,,,,,,,,,,,,,,,,,,,,,
Rolf  Herzog,,,,,,,,,,,,,,,,,,,,,,,,,,,,,,
Igor  Bokun,Krzysztof  Zielinski,,,,,,,,,,,,,,,,,,,,,,,,,,,,,
John  Quillan,,,,,,,,,,,,,,,,,,,,,,,,,,,,,,
Tom  Fukushima,David  Martin,,,,,,,,,,,,,,,,,,,,,,,,,,,,,
W.  Dangelmaier,H.  Hamoudia,R. F. Klahold,,,,,,,,,,,,,,,,,,,,,,,,,,,,
Guillermo  Ortega,,,,,,,,,,,,,,,,,,,,,,,,,,,,,,
Brian  Vincent,,,,,,,,,,,,,,,,,,,,,,,,,,,,,,
Craig  Knudsen,,,,,,,,,,,,,,,,,,,,,,,,,,,,,,
Juan-Mariano  de Goyeneche,,,,,,,,,,,,,,,,,,,,,,,,,,,,,,
He  Zhu,Xiaoqiang  Chen,,,,,,,,,,,,,,,,,,,,,,,,,,,,,
Alex  Withers,,,,,,,,,,,,,,,,,,,,,,,,,,,,,,
Pablo  Trincavelli,,,,,,,,,,,,,,,,,,,,,,,,,,,,,,
Peter  Harvey,,,,,,,,,,,,,,,,,,,,,,,,,,,,,,
David  Sweet,,,,,,,,,,,,,,,,,,,,,,,,,,,,,,
Lee  Westover,,,,,,,,,,,,,,,,,,,,,,,,,,,,,,
Moritoshi  Yasunaga,Jung Hwan Kim,Ikuo  Yoshihara,,,,,,,,,,,,,,,,,,,,,,,,,,,,
Marko  Salmela,Harri  Kyll&#246,nen,,,,,,,,,,,,,,,,,,,,,,,,,,,,
Bastiaan  Sch&#246,nhage,Alex  van Ballegooij,Anton  Elli&#235,ns,,,,,,,,,,,,,,,,,,,,,,,,,,
Constantin  Arapis,Dimitri  Konstantas,Thomi  Pilioura,,,,,,,,,,,,,,,,,,,,,,,,,,,,
Adel M. Abunawass,Opinderjit Singh Bhella,Min  Ding,Weiqun  Li,,,,,,,,,,,,,,,,,,,,,,,,,,,
Andrea  Bottari,Gianni Degli Antoni,Andrea G. B. Tettamanzi,,,,,,,,,,,,,,,,,,,,,,,,,,,,
Fulvio  Corno,Matteo Sonza Reorda,Giovanni  Squillero,,,,,,,,,,,,,,,,,,,,,,,,,,,,
Elena  Marchiori,,,,,,,,,,,,,,,,,,,,,,,,,,,,,,
Chilukuri K. Mohan,,,,,,,,,,,,,,,,,,,,,,,,,,,,,,
Uffe Kock Wiil,,,,,,,,,,,,,,,,,,,,,,,,,,,,,,
Keqin  Li,,,,,,,,,,,,,,,,,,,,,,,,,,,,,,
Reinhard  Jung,Robert  Winter,,,,,,,,,,,,,,,,,,,,,,,,,,,,,
Cory J. Hoelting,Dale I. Schoenefeld,Roger L. Wainwright,,,,,,,,,,,,,,,,,,,,,,,,,,,,
Amit Antil Nanavati,,,,,,,,,,,,,,,,,,,,,,,,,,,,,,
Jan  Carroll,Gary  Chappell,,,,,,,,,,,,,,,,,,,,,,,,,,,,,
Marie-Michelle  Boulet,,,,,,,,,,,,,,,,,,,,,,,,,,,,,,
R.  Ford,G.  Hellenga,V.  Palaiya,D.  Thompson,,,,,,,,,,,,,,,,,,,,,,,,,,,
Ray  Hasemi,Bruce A. Pearce,Ramin B. Arani,William G. Hinson,Merle G. Paule,,,,,,,,,,,,,,,,,,,,,,,,,,
Nicolas  Durand,Jean-Marc  Alliot,Joseph  Noailles,,,,,,,,,,,,,,,,,,,,,,,,,,,,
Ray R. Hashemi,Therese M. Schafer,William G. Hinson,John R. Talburt,,,,,,,,,,,,,,,,,,,,,,,,,,,
Reza  Langari,,,,,,,,,,,,,,,,,,,,,,,,,,,,,,
Lori A. Freitag,Raymond M. Loy,,,,,,,,,,,,,,,,,,,,,,,,,,,,,
David  Robertson,Kevin  Campbell,Stephen  Lau,Terry  Ligocki,,,,,,,,,,,,,,,,,,,,,,,,,,,
Atsuyuki  Morishima,Hiroyuki  Kitagawa,,,,,,,,,,,,,,,,,,,,,,,,,,,,,
Toshiyuki  Seto,Takuhiro  Nagafuji,Motomichi  Toyama,,,,,,,,,,,,,,,,,,,,,,,,,,,,
Sami  Khuri,Teresa  Chiu,,,,,,,,,,,,,,,,,,,,,,,,,,,,,
Luiz S. Ochi,Lucia M. A. Drummond,Rosa M. V. Figueiredo,,,,,,,,,,,,,,,,,,,,,,,,,,,,
Charles E. Kaiser Jr.,Gary B. Lamont,Laurence D. Merkle,George H. Gates Jr.,Ruth  Pachter,,,,,,,,,,,,,,,,,,,,,,,,,,
Marie  desJardins,Penny  Rheingans,,,,,,,,,,,,,,,,,,,,,,,,,,,,,
Sidney  Fels,Kenji  Mase,,,,,,,,,,,,,,,,,,,,,,,,,,,,,
Robert  van Liere,Wim  de Leeuw,,,,,,,,,,,,,,,,,,,,,,,,,,,,,
Eric V. Siegel,,,,,,,,,,,,,,,,,,,,,,,,,,,,,,
Anne  McClard,Patricia  Somers,,,,,,,,,,,,,,,,,,,,,,,,,,,,,
Jerzy W. Grzymala-Busse,Wojciech  Ziarko,,,,,,,,,,,,,,,,,,,,,,,,,,,,,
Harry  Hochheiser,,,,,,,,,,,,,,,,,,,,,,,,,,,,,,
Andrea Erickson Best,,,,,,,,,,,,,,,,,,,,,,,,,,,,,,
Anna  Bouch,Allan  Kuchinsky,Nina  Bhatti,,,,,,,,,,,,,,,,,,,,,,,,,,,,
Shivkumar  Kalyanaraman,Raj  Jain,Sonia  Fahmy,Rohit  Goyal,Bobby  Vandalore,,,,,,,,,,,,,,,,,,,,,,,,,,
Syed S. Ali,Susan  McRoy,Songsak  Channarvkal,,,,,,,,,,,,,,,,,,,,,,,,,,,,
Christopher  Johnson,Larry  Birnbaum,Ray  Bareiss,Tom  Hinrichs,,,,,,,,,,,,,,,,,,,,,,,,,,,
Steve  Lawrence,C. Lee Giles,,,,,,,,,,,,,,,,,,,,,,,,,,,,,
Christopher  Welty,Louis J. Hoebel,,,,,,,,,,,,,,,,,,,,,,,,,,,,,
Mike  Chesher,Walter  Skok,,,,,,,,,,,,,,,,,,,,,,,,,,,,,
Ljubomir  Jerinic,Vladan  Devedzic,,,,,,,,,,,,,,,,,,,,,,,,,,,,,
Elias M. Awad,,,,,,,,,,,,,,,,,,,,,,,,,,,,,,
Amruth  Kumar,,,,,,,,,,,,,,,,,,,,,,,,,,,,,,
M.  Lajolo,L.  Lavagno,M.  Rebaudengo,M. Sonza Reorda,M.  Violante,,,,,,,,,,,,,,,,,,,,,,,,,,
Danai  Patiyoot,S. J. Shepard,,,,,,,,,,,,,,,,,,,,,,,,,,,,,
D.  Patiyoot,S. J. Shepherd,,,,,,,,,,,,,,,,,,,,,,,,,,,,,
Edward A. Schneider,,,,,,,,,,,,,,,,,,,,,,,,,,,,,,
Moshe Y. Vardi,,,,,,,,,,,,,,,,,,,,,,,,,,,,,,
X.  Shen,W.  Liao,A.  Choudhary,G.  Memik,M.  Kandemir,S.  More,G.  Thiruvathukal,A.  Singh,,,,,,,,,,,,,,,,,,,,,,,
Tom  Barclay,Jim  Gray,Don  Slutz,,,,,,,,,,,,,,,,,,,,,,,,,,,,
Alexander S. Szalay,Peter Z. Kunszt,Ani  Thakar,Jim  Gray,Don  Slutz,Robert J. Brunner,,,,,,,,,,,,,,,,,,,,,,,,,
Anil K. Nori,,,,,,,,,,,,,,,,,,,,,,,,,,,,,,
Linda  Goodwin,Sean  Maher,,,,,,,,,,,,,,,,,,,,,,,,,,,,,
Juan Pedro Cara&#231,a-Valente,Ignacio  Lopez-Chavarrias,Cesar  Montes,,,,,,,,,,,,,,,,,,,,,,,,,,,
Juan M. Ale,Gustavo H. Rossi,,,,,,,,,,,,,,,,,,,,,,,,,,,,,
Jianning  Dong,William  Perrizo,Qin  Ding,Jingkai  Zhou,,,,,,,,,,,,,,,,,,,,,,,,,,,
Sami  Khuri,Tim  Walters,Yanti  Sugono,,,,,,,,,,,,,,,,,,,,,,,,,,,,
Carlos  Cotta,Jose M. Piquer, M. Troya,,,,,,,,,,,,,,,,,,,,,,,,,,,,
Shyue-Liang  Wang,Jenn-Shing  Tsai,Tzung-Pei  Hong,,,,,,,,,,,,,,,,,,,,,,,,,,,,
Tzung-Pei  Hong,Chan-Sheng  Kuo,Sheng-Chai  Chi,Shyue-Liang  Wang,,,,,,,,,,,,,,,,,,,,,,,,,,,
Moritz  Neum&#252,ller,,,,,,,,,,,,,,,,,,,,,,,,,,,,,
Geoffrey  Engerman,Lee  Kearney,,,,,,,,,,,,,,,,,,,,,,,,,,,,,
Bob  Briscoe,Ian  Fairman,,,,,,,,,,,,,,,,,,,,,,,,,,,,,
Doug  Bryan,Anatole  Gershman,,,,,,,,,,,,,,,,,,,,,,,,,,,,,
Arie  Segev,Carrie  Beam,,,,,,,,,,,,,,,,,,,,,,,,,,,,,
John F. Meech,Katherine  Baker,Edith  Law,Ramiro  Liscano,,,,,,,,,,,,,,,,,,,,,,,,,,,
Robert S. Brewer,,,,,,,,,,,,,,,,,,,,,,,,,,,,,,
Amir  Michail,,,,,,,,,,,,,,,,,,,,,,,,,,,,,,
Amos  Beimel,Francesco  Bergadano,Nader H. Bshouty,Eyal  Kushilevitz,Stefano  Varricchio,,,,,,,,,,,,,,,,,,,,,,,,,,
Sean  Baker,,,,,,,,,,,,,,,,,,,,,,,,,,,,,,
Al  Globus,Eric  Langhirt,Miron  Livny,Ravishankar  Ramamurthy,Marvin  Solomon,Steve  Traugott,,,,,,,,,,,,,,,,,,,,,,,,,
Sita  Ramakrishnan,,,,,,,,,,,,,,,,,,,,,,,,,,,,,,
Young-Woo  Seo,Byoung-Tak  Zhang,,,,,,,,,,,,,,,,,,,,,,,,,,,,,
Rory  O'Connor,Robert  Cochran,Tony  Moynihan,,,,,,,,,,,,,,,,,,,,,,,,,,,,
Frank  Mauer,,,,,,,,,,,,,,,,,,,,,,,,,,,,,,
Jeffrey M. Bradshaw,,,,,,,,,,,,,,,,,,,,,,,,,,,,,,
Syed S. Ali,Susan  McRoy,,,,,,,,,,,,,,,,,,,,,,,,,,,,,
Rolf  Pfeifer,Deepak  Kumar,,,,,,,,,,,,,,,,,,,,,,,,,,,,,
David B. Fogel,,,,,,,,,,,,,,,,,,,,,,,,,,,,,,
Robert  St. Amant,,,,,,,,,,,,,,,,,,,,,,,,,,,,,,
Janyce  Wiebe,,,,,,,,,,,,,,,,,,,,,,,,,,,,,,
Christopher  Welty,Lou  Hoebel,,,,,,,,,,,,,,,,,,,,,,,,,,,,,
Maria Elena Bonfigi,Giorgio  Casadei,Paola  Salomoni,,,,,,,,,,,,,,,,,,,,,,,,,,,,
Ernst-Georg  Haffner,Uwe  Roth,Thomas  Engel,Christoph  Meinel,,,,,,,,,,,,,,,,,,,,,,,,,,,
T.  Roselli,C.  Catanese,S.  Loverro,M. V. Pragnell,G.  Sammito,,,,,,,,,,,,,,,,,,,,,,,,,,
Stuart  Cheshire,Mary  Baker,,,,,,,,,,,,,,,,,,,,,,,,,,,,,
Dejan  Miloji&#269,i&#263,,Frederick  Douglis,Richard  Wheeler,,,,,,,,,,,,,,,,,,,,,,,,,,
Bradley C. Wheeler,Alan R. Dennis,Laurence I. Press,,,,,,,,,,,,,,,,,,,,,,,,,,,,
Zachi  Karni,Craig  Gotsman,,,,,,,,,,,,,,,,,,,,,,,,,,,,,
Pedro V. Sander,Xianfeng  Gu,Steven J. Gortler,Hugues  Hoppe,John  Snyder,,,,,,,,,,,,,,,,,,,,,,,,,,
John  McCarthy,,,,,,,,,,,,,,,,,,,,,,,,,,,,,,
Pourang  Irani,Colin  Ware,,,,,,,,,,,,,,,,,,,,,,,,,,,,,
Tom  Lanning,Kent  Wittenburg,Michael  Heinrichs,Christina  Fyock,Glenn  Li,,,,,,,,,,,,,,,,,,,,,,,,,,
Audris  Mockus,Stacie  Hibino,Todd  Graves,,,,,,,,,,,,,,,,,,,,,,,,,,,,
Staffan  Bj&#246,rk,,,,,,,,,,,,,,,,,,,,,,,,,,,,,
Sougata  Mukherjea,,,,,,,,,,,,,,,,,,,,,,,,,,,,,,
Gary  Tomlinson,Drew  Major,Ron  Lee,,,,,,,,,,,,,,,,,,,,,,,,,,,,
Christos H. Papadimitriou,,,,,,,,,,,,,,,,,,,,,,,,,,,,,,
Vijay S. Iyengar,Chidanand  Apte,Tong  Zhang,,,,,,,,,,,,,,,,,,,,,,,,,,,,
Igor V. Cadez,Scott  Gaffney,Padhraic  Smyth,,,,,,,,,,,,,,,,,,,,,,,,,,,,
Andrew W. Crapo,Laurie B. Waisel,William A. Wallace,Thomas R. Willemain,,,,,,,,,,,,,,,,,,,,,,,,,,,
William W. Cohen,Henry  Kautz,David  McAllester,,,,,,,,,,,,,,,,,,,,,,,,,,,,
Ke  Wang,Senqiang  Zhou,Yu  He,,,,,,,,,,,,,,,,,,,,,,,,,,,,
Igor  Cadez,David  Heckerman,Christopher  Meek,Padhraic  Smyth,Steven  White,,,,,,,,,,,,,,,,,,,,,,,,,,
Dmitry  Pavlov,Darya  Chudova,Padhraic  Smyth,,,,,,,,,,,,,,,,,,,,,,,,,,,,
Dennis  DeCoste,Kiri  Wagstaff,,,,,,,,,,,,,,,,,,,,,,,,,,,,,
Alfred  Inselberg,Tova  Avidan,,,,,,,,,,,,,,,,,,,,,,,,,,,,,
Mike  Gardner,Jack  Bieker,,,,,,,,,,,,,,,,,,,,,,,,,,,,,
Ross D. King,Andreas  Karwath,Amanda  Clare,Luc  Dephaspe,,,,,,,,,,,,,,,,,,,,,,,,,,,
Jose M. Piquer, M. Pe&#241,a,Fazel  Famili,Sylvain  L&#233,tourneau,,,,,,,,,,,,,,,,,,,,,,,,,
Wendy  Gersten,R&#252,diger  Wirth,Dirk  Arndt,,,,,,,,,,,,,,,,,,,,,,,,,,,
Pang-Ning  Tan,Hannah  Blau,Steve  Harp,Robert  Goldman,,,,,,,,,,,,,,,,,,,,,,,,,,,
Jonathan D. Becher,Pavel  Berkhin,Edmund  Freeman,,,,,,,,,,,,,,,,,,,,,,,,,,,,
Yiming  Ma,Bing  Liu,Ching Kian Wong,Philip S. Yu,Shuik Ming Lee,,,,,,,,,,,,,,,,,,,,,,,,,,
Siddhartha  Bhattacharyya,,,,,,,,,,,,,,,,,,,,,,,,,,,,,,
Anjali  Dhond,Amar  Gupta,Sanjeev  Vadhavkar,,,,,,,,,,,,,,,,,,,,,,,,,,,,
Martin  Gavrilov,Dragomir  Anguelov,Piotr  Indyk,Rajeev  Motwani,,,,,,,,,,,,,,,,,,,,,,,,,,,
Juan P. Cara&#231,a-Valente,Ignacio  L&#243,pez-Chavarr&#237,as,,,,,,,,,,,,,,,,,,,,,,,,,,
Nandini  Raghavan,Robert M. Bell,Matthias  Schonlau,,,,,,,,,,,,,,,,,,,,,,,,,,,,
Dina  Katabi,John  Wroclawski,,,,,,,,,,,,,,,,,,,,,,,,,,,,,
Soumen  Chakrabarti,,,,,,,,,,,,,,,,,,,,,,,,,,,,,,
Vipin  Kumar,Mohammed  Zaki,,,,,,,,,,,,,,,,,,,,,,,,,,,,,
Simeon J. Simoff,Osmar R. Za&#239,ane,,,,,,,,,,,,,,,,,,,,,,,,,,,,
A.  Famili,Ivan  Bruha,,,,,,,,,,,,,,,,,,,,,,,,,,,,,
Paul  Hagen,Rony  Kahavi,Bonnie J. Lowell,John  Riedl,,,,,,,,,,,,,,,,,,,,,,,,,,,
Burkhard D. Steinmacher-Burow,,,,,,,,,,,,,,,,,,,,,,,,,,,,,,
Catalina  Danis,Stephen  Boies,,,,,,,,,,,,,,,,,,,,,,,,,,,,,
Takashi  Kiriyama,Ling  Chen,,,,,,,,,,,,,,,,,,,,,,,,,,,,,
Surendra  Bommu,Niall  O'Neill,Maciej  Ciesielski,,,,,,,,,,,,,,,,,,,,,,,,,,,,
Marjorie  Richardson,,,,,,,,,,,,,,,,,,,,,,,,,,,,,,
Brian  Marshall,,,,,,,,,,,,,,,,,,,,,,,,,,,,,,
Ivan  Pulleyn,,,,,,,,,,,,,,,,,,,,,,,,,,,,,,
Marjorie  Richardson,,,,,,,,,,,,,,,,,,,,,,,,,,,,,,
Soumen  Chakrabarti,,,,,,,,,,,,,,,,,,,,,,,,,,,,,,
Vipin  Kumar,Mohammed  Zaki,,,,,,,,,,,,,,,,,,,,,,,,,,,,,
Steven  Lucco,,,,,,,,,,,,,,,,,,,,,,,,,,,,,,
Jeffrey M. Bradshaw,,,,,,,,,,,,,,,,,,,,,,,,,,,,,,
Douglas  Blank,,,,,,,,,,,,,,,,,,,,,,,,,,,,,,
Reva  Freedman,Syed S. Ali,Susan  McRoy,,,,,,,,,,,,,,,,,,,,,,,,,,,,
Richard G. Epstein,Deepak  Kumar,,,,,,,,,,,,,,,,,,,,,,,,,,,,,
Tetsuo  Sawaragi,Yukio  Horiguchi,,,,,,,,,,,,,,,,,,,,,,,,,,,,,
Paul  Mc Kevitt,Conn  Mulvihill,Se&#225,n &#211, Nuall&#225,in,,,,,,,,,,,,,,,,,,,,,,,,,
Karen T. Sutherland,,,,,,,,,,,,,,,,,,,,,,,,,,,,,,
Chris  Welty,,,,,,,,,,,,,,,,,,,,,,,,,,,,,,
Isabel  Machado,Rui  Prada,Ana  Paiva,,,,,,,,,,,,,,,,,,,,,,,,,,,,
Sita  Popat,Kia  Ng,Jacqueline  Smith-Autard,,,,,,,,,,,,,,,,,,,,,,,,,,,,
Volodymyr  Ovsiak,,,,,,,,,,,,,,,,,,,,,,,,,,,,,,
Manfred  Hauswirth,Clemens  Kerer,Roman  Kurmanowytsch,,,,,,,,,,,,,,,,,,,,,,,,,,,,
Vijay  Varadharajan,,,,,,,,,,,,,,,,,,,,,,,,,,,,,,
Cary A. Deck,Bart J. Wilson,,,,,,,,,,,,,,,,,,,,,,,,,,,,,
Juhnyoung  Lee,Mark  Podlaseck,,,,,,,,,,,,,,,,,,,,,,,,,,,,,
Kwang-Tat  Ang,James Y. L. Thong,Chee-Sing  Yap,,,,,,,,,,,,,,,,,,,,,,,,,,,,
Grzegorz  Czajkowski,,,,,,,,,,,,,,,,,,,,,,,,,,,,,,
Naren  Ramakrishnan,Calvin J. Ribbens,,,,,,,,,,,,,,,,,,,,,,,,,,,,,
W. H. Enright,,,,,,,,,,,,,,,,,,,,,,,,,,,,,,
Nirav H. Kapadia,Jose M. Piquer, A. B. Fortes,Mark S. Lundstrom,,,,,,,,,,,,,,,,,,,,,,,,,,,
Anna  Watson,M. Angela Sasse,,,,,,,,,,,,,,,,,,,,,,,,,,,,,
H. L. Wang,S. H. Wu,I. C. Wang,C. L. Sung,W. L. Hsu,W. K. Shih,,,,,,,,,,,,,,,,,,,,,,,,,
Christian  B&#246,hm,Bernhard  Braunm&#252,ller,Markus  Breunig,Hans-Peter  Kriegel,,,,,,,,,,,,,,,,,,,,,,,,,
John N. Murphy,Alan  Russell,Anthony B. Jones,,,,,,,,,,,,,,,,,,,,,,,,,,,,
Roman  Olynyk,,,,,,,,,,,,,,,,,,,,,,,,,,,,,,
Deborah  Mateik,,,,,,,,,,,,,,,,,,,,,,,,,,,,,,
Chris  Lankford,,,,,,,,,,,,,,,,,,,,,,,,,,,,,,
Atif M. Memon,Martha E. Pollack,Mary Lou Soffa,,,,,,,,,,,,,,,,,,,,,,,,,,,,
Douglas  Blank,,,,,,,,,,,,,,,,,,,,,,,,,,,,,,
Deepak  Kumar,,,,,,,,,,,,,,,,,,,,,,,,,,,,,,
Syed S. Ali,Susan  McRoy,,,,,,,,,,,,,,,,,,,,,,,,,,,,,
Erann  Gat,,,,,,,,,,,,,,,,,,,,,,,,,,,,,,
Marie A. Bienkowski,,,,,,,,,,,,,,,,,,,,,,,,,,,,,,
Karen T. Sutherland,,,,,,,,,,,,,,,,,,,,,,,,,,,,,,
Christopher  Welty,,,,,,,,,,,,,,,,,,,,,,,,,,,,,,
Han  Kesong,Wang  Yongcheng,Chen  Guilin,,,,,,,,,,,,,,,,,,,,,,,,,,,,
C. K. P. Wong,R. W. P. Luk,K. F. Wong,K. L. Kwok,,,,,,,,,,,,,,,,,,,,,,,,,,,
J&#252,rgen  D&#246,llner,Oliver  Kersting,,,,,,,,,,,,,,,,,,,,,,,,,,,
Richard  Giordano,David  Bell,,,,,,,,,,,,,,,,,,,,,,,,,,,,,
Susanne  Albers,Naveen  Garg,Stefano  Leonardi,,,,,,,,,,,,,,,,,,,,,,,,,,,,
Ronald  Cramer,Victor  Shoup,,,,,,,,,,,,,,,,,,,,,,,,,,,,,
Hongjun  Lu,Ling  Feng,Jiawei  Han,,,,,,,,,,,,,,,,,,,,,,,,,,,,
Yair M. Babad,Jeffrey A. Hoffer,,,,,,,,,,,,,,,,,,,,,,,,,,,,,
James A. Haskett,,,,,,,,,,,,,,,,,,,,,,,,,,,,,,
Fabio  Paterno,,,,,,,,,,,,,,,,,,,,,,,,,,,,,,
Jon Louis Bentley,Franco P. Preparata,Mark G. Faust,,,,,,,,,,,,,,,,,,,,,,,,,,,,
Piraye  Bayman,Richard E. Mayer,,,,,,,,,,,,,,,,,,,,,,,,,,,,,
Beverly K. Kahn,,,,,,,,,,,,,,,,,,,,,,,,,,,,,,
You-Dong  Liang,Brian A. Barsky,,,,,,,,,,,,,,,,,,,,,,,,,,,,,
Edward H. McCall,,,,,,,,,,,,,,,,,,,,,,,,,,,,,,
Marc  Eisenstadt,,,,,,,,,,,,,,,,,,,,,,,,,,,,,,
Randolph  Franklin,,,,,,,,,,,,,,,,,,,,,,,,,,,,,,
Francis Y. Chin,John  Lam,I-Ngo  Chen,,,,,,,,,,,,,,,,,,,,,,,,,,,,
Richard E. Mayer,Piraye  Bayman,,,,,,,,,,,,,,,,,,,,,,,,,,,,,
M. D. Canon,D. H. Fritz,J. H. Howard,T. D. Howell,M. F. Mitoma,J.  Rodriquez-Rosell,,,,,,,,,,,,,,,,,,,,,,,,,
Carlos A. Coello,,,,,,,,,,,,,,,,,,,,,,,,,,,,,,
John  Bowers,David  Martin,,,,,,,,,,,,,,,,,,,,,,,,,,,,,
Richard E. Mayer,,,,,,,,,,,,,,,,,,,,,,,,,,,,,,
Robert  Morris,Ken  Thompson,,,,,,,,,,,,,,,,,,,,,,,,,,,,,
Kevin J. Austin,,,,,,,,,,,,,,,,,,,,,,,,,,,,,,
Kathy  Lynch,Angela  Carbone,Peter  Jamieson,David  Arnott,,,,,,,,,,,,,,,,,,,,,,,,,,,
Ralph C. Merkle,,,,,,,,,,,,,,,,,,,,,,,,,,,,,,
Francis Y. Chin,,,,,,,,,,,,,,,,,,,,,,,,,,,,,,
James W. Hunt,Thomas G. Szymanski,,,,,,,,,,,,,,,,,,,,,,,,,,,,,
Mosh&#233, M. Zloof,S. Peter de Jong,,,,,,,,,,,,,,,,,,,,,,,,,,,,
David  Gries,Jayadev  Misra,,,,,,,,,,,,,,,,,,,,,,,,,,,,,
Dorothy E. Denning,Peter J. Denning,,,,,,,,,,,,,,,,,,,,,,,,,,,,,
James  Allen,George  Ferguson,Amanda  Stent,,,,,,,,,,,,,,,,,,,,,,,,,,,,
Thorsten  Bohnenberger,Anthony  Jameson,,,,,,,,,,,,,,,,,,,,,,,,,,,,,
F. M. Ives,,,,,,,,,,,,,,,,,,,,,,,,,,,,,,
Dorothy E. Denning,,,,,,,,,,,,,,,,,,,,,,,,,,,,,,
Jim R. Davies,Abigail S. Gertner,Neal  Lesh,Charles  Rich,Candace L. Sidner,Jeff  Rickel,,,,,,,,,,,,,,,,,,,,,,,,,
Wesley W. Chu,Holger  Opderbeck,,,,,,,,,,,,,,,,,,,,,,,,,,,,,
Kenneth D. Forbus,Ronald W. Ferguson,Jeffery M. Usher,,,,,,,,,,,,,,,,,,,,,,,,,,,,
Natalie S. Glance,,,,,,,,,,,,,,,,,,,,,,,,,,,,,,
Ana  Paiva,Isabel  Machado,Rui  Prada,,,,,,,,,,,,,,,,,,,,,,,,,,,,
Pedro  Szekely,Craig Milo Rogers,Martin  Frank,,,,,,,,,,,,,,,,,,,,,,,,,,,,
Raymond  Kosala,Hendrik  Blockeel,,,,,,,,,,,,,,,,,,,,,,,,,,,,,
Stanley  Loh,Leandro Krug Wives,Jose M. Piquer, Palazzo M. de Oliveira,,,,,,,,,,,,,,,,,,,,,,,,,,,
Jeanne  Behnke,Elaine  Dobinson,,,,,,,,,,,,,,,,,,,,,,,,,,,,,
Neil M. Goldman,,,,,,,,,,,,,,,,,,,,,,,,,,,,,,
A. Frank Ackerman,,,,,,,,,,,,,,,,,,,,,,,,,,,,,,
Stephen W. Smoliar,,,,,,,,,,,,,,,,,,,,,,,,,,,,,,
Arthur  Evans Jr.,William  Kantrowitz,Edwin  Weiss,,,,,,,,,,,,,,,,,,,,,,,,,,,,
J. F. Traub,,,,,,,,,,,,,,,,,,,,,,,,,,,,,,
Patrick A. V. Hall,,,,,,,,,,,,,,,,,,,,,,,,,,,,,,
Michael H. Smith,,,,,,,,,,,,,,,,,,,,,,,,,,,,,,
Joel A. Richardson,J. L. Kuester,,,,,,,,,,,,,,,,,,,,,,,,,,,,,
Maciej M. Syslo,,,,,,,,,,,,,,,,,,,,,,,,,,,,,,
Christian H. Reinsch,,,,,,,,,,,,,,,,,,,,,,,,,,,,,,
Gideon  Ehrlich,,,,,,,,,,,,,,,,,,,,,,,,,,,,,,
H.  Schmitt,,,,,,,,,,,,,,,,,,,,,,,,,,,,,,
Anthony C. Hearn,,,,,,,,,,,,,,,,,,,,,,,,,,,,,,
C. B. Dunham,,,,,,,,,,,,,,,,,,,,,,,,,,,,,,
James C. Tiernan,,,,,,,,,,,,,,,,,,,,,,,,,,,,,,
S. Y. Ku,R. J. Adler,,,,,,,,,,,,,,,,,,,,,,,,,,,,,
Donald L. Shell,,,,,,,,,,,,,,,,,,,,,,,,,,,,,,
G. H. Golub,L. B. Smith,,,,,,,,,,,,,,,,,,,,,,,,,,,,,
John  Morris,,,,,,,,,,,,,,,,,,,,,,,,,,,,,,
Egon  Dorrer,,,,,,,,,,,,,,,,,,,,,,,,,,,,,,
G.  Bayer,,,,,,,,,,,,,,,,,,,,,,,,,,,,,,
George E. Collins,,,,,,,,,,,,,,,,,,,,,,,,,,,,,,
K. S. K&#246,lbig,,,,,,,,,,,,,,,,,,,,,,,,,,,,,
E.  Lohse,,,,,,,,,,,,,,,,,,,,,,,,,,,,,,
L. A. Belady,R. A. Nelson,G. S. Shedler,,,,,,,,,,,,,,,,,,,,,,,,,,,,
Walter  Gautschi,,,,,,,,,,,,,,,,,,,,,,,,,,,,,,
Bruno F. W. Whitte,,,,,,,,,,,,,,,,,,,,,,,,,,,,,,
Rodolfo C. Salazar,Subrata K. Sen,,,,,,,,,,,,,,,,,,,,,,,,,,,,,
Edward  Minieka,,,,,,,,,,,,,,,,,,,,,,,,,,,,,,
T. A. Bray,C.  Witzgall,,,,,,,,,,,,,,,,,,,,,,,,,,,,,
J. H. Henderson,R. M. Knapp,M. E. Volberding,,,,,,,,,,,,,,,,,,,,,,,,,,,,
